{
    "156 (932_)": [
        {
            "Engines": "AR 32102,AR 32103,AR 32104,AR 67601",
            "HorsePowers": "120",
            "Volume": "160",
            "TypeName": "1.6 16V T.SPARK (932.A4, 932.A4100)",
            "ArticleNumber": "CAB-22020",
            "Criterias": "[{\"attrId\": 0, \"key\": \"Дата производства от\", \"value\": \"03.2002\"}]"
        },
        {
            "Engines": "AR 32205",
            "HorsePowers": "140",
            "Volume": "180",
            "TypeName": "1.8 16V T.SPARK (932.A3100)",
            "ArticleNumber": "CAB-22020",
            "Criterias": "[{\"attrId\": 0, \"key\": \"Дата производства от\", \"value\": \"03.2002\"}]"
        },
        {
            "Engines": "AR 32405",
            "HorsePowers": "192",
            "Volume": "250",
            "TypeName": "2.5 V6 24V (932A11_)",
            "ArticleNumber": "CAB-22020",
            "Criterias": "[{\"attrId\": 0, \"key\": \"Дата производства от\", \"value\": \"03.2002\"}]"
        },
        {
            "Engines": "937 A1.000",
            "HorsePowers": "166",
            "Volume": "200",
            "TypeName": "2.0 JTS (932AXA)",
            "ArticleNumber": "CAB-22020",
            "Criterias": "[]"
        },
        {
            "Engines": "932 A.000",
            "HorsePowers": "250",
            "Volume": "320",
            "TypeName": "3.2 GTA (932AXB)",
            "ArticleNumber": "CAB-22020",
            "Criterias": "[]"
        },
        {
            "Engines": "AR 32102,AR 32103,AR 32104,AR 67601",
            "HorsePowers": "120",
            "Volume": "160",
            "TypeName": "1.6 16V T.SPARK (932.A4, 932.A4100)",
            "ArticleNumber": "CA-22020",
            "Criterias": "[{\"attrId\": 0, \"key\": \"Дата производства от\", \"value\": \"03.2002\"}]"
        },
        {
            "Engines": "AR 32205",
            "HorsePowers": "140",
            "Volume": "180",
            "TypeName": "1.8 16V T.SPARK (932.A3100)",
            "ArticleNumber": "CA-22020",
            "Criterias": "[{\"attrId\": 0, \"key\": \"Дата производства от\", \"value\": \"03.2002\"}]"
        },
        {
            "Engines": "AR 32405",
            "HorsePowers": "192",
            "Volume": "250",
            "TypeName": "2.5 V6 24V (932A11_)",
            "ArticleNumber": "CA-22020",
            "Criterias": "[{\"attrId\": 0, \"key\": \"Дата производства от\", \"value\": \"03.2002\"}]"
        },
        {
            "Engines": "937 A1.000",
            "HorsePowers": "166",
            "Volume": "200",
            "TypeName": "2.0 JTS (932AXA)",
            "ArticleNumber": "CA-22020",
            "Criterias": "[]"
        },
        {
            "Engines": "932 A.000",
            "HorsePowers": "250",
            "Volume": "320",
            "TypeName": "3.2 GTA (932AXB)",
            "ArticleNumber": "CA-22020",
            "Criterias": "[]"
        },
        {
            "Engines": "AR 32102,AR 32103,AR 32104,AR 67601",
            "HorsePowers": "120",
            "Volume": "160",
            "TypeName": "1.6 16V T.SPARK (932.A4, 932.A4100)",
            "ArticleNumber": "C-22220",
            "Criterias": "[]"
        },
        {
            "Engines": "AR 32310",
            "HorsePowers": "150",
            "Volume": "200",
            "TypeName": "2.0 16V T.SPARK (932A21__)",
            "ArticleNumber": "C-22220",
            "Criterias": "[]"
        },
        {
            "Engines": "AR 32205",
            "HorsePowers": "140",
            "Volume": "180",
            "TypeName": "1.8 16V T.SPARK (932.A3100)",
            "ArticleNumber": "C-22220",
            "Criterias": "[]"
        },
        {
            "Engines": "AR 32405",
            "HorsePowers": "192",
            "Volume": "250",
            "TypeName": "2.5 V6 24V (932A11_)",
            "ArticleNumber": "C-22220",
            "Criterias": "[]"
        },
        {
            "Engines": "AR 32401,AR 32402",
            "HorsePowers": "190",
            "Volume": "250",
            "TypeName": "2.5 V6 24V (932A1)",
            "ArticleNumber": "C-22220",
            "Criterias": "[]"
        },
        {
            "Engines": "AR 32301,AR 32310",
            "HorsePowers": "155",
            "Volume": "200",
            "TypeName": "2.0 16V T.SPARK (932A2)",
            "ArticleNumber": "C-22220",
            "Criterias": "[]"
        },
        {
            "Engines": "AR 32201",
            "HorsePowers": "144",
            "Volume": "180",
            "TypeName": "1.8 16V T.SPARK (932.A3)",
            "ArticleNumber": "C-22220",
            "Criterias": "[]"
        },
        {
            "Engines": "937 A1.000",
            "HorsePowers": "166",
            "Volume": "200",
            "TypeName": "2.0 JTS (932AXA)",
            "ArticleNumber": "C-22230",
            "Criterias": "[{\"attrId\": 0, \"key\": \"Дата производства от\", \"value\": \"10.2004\"}]"
        },
        {
            "Engines": "932 A.000",
            "HorsePowers": "250",
            "Volume": "320",
            "TypeName": "3.2 GTA (932AXB)",
            "ArticleNumber": "C-2213",
            "Criterias": "[]"
        },
        {
            "Engines": "937 A1.000",
            "HorsePowers": "166",
            "Volume": "200",
            "TypeName": "2.0 JTS (932AXA)",
            "ArticleNumber": "C-2512",
            "Criterias": "[{\"attrId\": 0, \"key\": \"Дата производства до\", \"value\": \"09.2004\"}]"
        },
        {
            "Engines": "AR 32102,AR 32103,AR 32104,AR 67601",
            "HorsePowers": "120",
            "Volume": "160",
            "TypeName": "1.6 16V T.SPARK (932.A4, 932.A4100)",
            "ArticleNumber": "A-70190",
            "Criterias": "[]"
        },
        {
            "Engines": "AR 32310",
            "HorsePowers": "150",
            "Volume": "200",
            "TypeName": "2.0 16V T.SPARK (932A21__)",
            "ArticleNumber": "A-70190",
            "Criterias": "[]"
        },
        {
            "Engines": "AR 32205",
            "HorsePowers": "140",
            "Volume": "180",
            "TypeName": "1.8 16V T.SPARK (932.A3100)",
            "ArticleNumber": "A-70190",
            "Criterias": "[]"
        },
        {
            "Engines": "AR 32405",
            "HorsePowers": "192",
            "Volume": "250",
            "TypeName": "2.5 V6 24V (932A11_)",
            "ArticleNumber": "A-70190",
            "Criterias": "[]"
        },
        {
            "Engines": "937 A1.000",
            "HorsePowers": "166",
            "Volume": "200",
            "TypeName": "2.0 JTS (932AXA)",
            "ArticleNumber": "A-70190",
            "Criterias": "[]"
        },
        {
            "Engines": "932 A.000",
            "HorsePowers": "250",
            "Volume": "320",
            "TypeName": "3.2 GTA (932AXB)",
            "ArticleNumber": "A-70190",
            "Criterias": "[]"
        },
        {
            "Engines": "AR 32401,AR 32402",
            "HorsePowers": "190",
            "Volume": "250",
            "TypeName": "2.5 V6 24V (932A1)",
            "ArticleNumber": "A-70190",
            "Criterias": "[]"
        },
        {
            "Engines": "AR 32301,AR 32310",
            "HorsePowers": "155",
            "Volume": "200",
            "TypeName": "2.0 16V T.SPARK (932A2)",
            "ArticleNumber": "A-70190",
            "Criterias": "[]"
        },
        {
            "Engines": "AR 32201",
            "HorsePowers": "144",
            "Volume": "180",
            "TypeName": "1.8 16V T.SPARK (932.A3)",
            "ArticleNumber": "A-70190",
            "Criterias": "[]"
        },
        {
            "Engines": "AR 32102,AR 32103,AR 32104,AR 67601",
            "HorsePowers": "120",
            "Volume": "160",
            "TypeName": "1.6 16V T.SPARK (932.A4, 932.A4100)",
            "ArticleNumber": "CAC-22020-S",
            "Criterias": "[{\"attrId\": 0, \"key\": \"Дата производства от\", \"value\": \"03.2002\"}]"
        },
        {
            "Engines": "AR 32205",
            "HorsePowers": "140",
            "Volume": "180",
            "TypeName": "1.8 16V T.SPARK (932.A3100)",
            "ArticleNumber": "CAC-22020-S",
            "Criterias": "[{\"attrId\": 0, \"key\": \"Дата производства от\", \"value\": \"03.2002\"}]"
        },
        {
            "Engines": "AR 32405",
            "HorsePowers": "192",
            "Volume": "250",
            "TypeName": "2.5 V6 24V (932A11_)",
            "ArticleNumber": "CAC-22020-S",
            "Criterias": "[{\"attrId\": 0, \"key\": \"Дата производства от\", \"value\": \"03.2002\"}]"
        },
        {
            "Engines": "937 A1.000",
            "HorsePowers": "166",
            "Volume": "200",
            "TypeName": "2.0 JTS (932AXA)",
            "ArticleNumber": "CAC-22020-S",
            "Criterias": "[]"
        },
        {
            "Engines": "932 A.000",
            "HorsePowers": "250",
            "Volume": "320",
            "TypeName": "3.2 GTA (932AXB)",
            "ArticleNumber": "CAC-22020-S",
            "Criterias": "[]"
        }
    ],
    "156 Sportwagon (932_)": [
        {
            "Engines": "AR 32205",
            "HorsePowers": "140",
            "Volume": "180",
            "TypeName": "1.8 16V T.SPARK (932B31__)",
            "ArticleNumber": "CAB-22020",
            "Criterias": "[{\"attrId\": 0, \"key\": \"Дата производства от\", \"value\": \"03.2002\"}]"
        },
        {
            "Engines": "AR 32102,AR 32103,AR 32104,AR 67601",
            "HorsePowers": "120",
            "Volume": "160",
            "TypeName": "1.6 16V T.SPARK. (932B4100)",
            "ArticleNumber": "CAB-22020",
            "Criterias": "[{\"attrId\": 0, \"key\": \"Дата производства от\", \"value\": \"03.2002\"}]"
        },
        {
            "Engines": "AR 32405",
            "HorsePowers": "192",
            "Volume": "250",
            "TypeName": "2.5 V6 24V (932B1100)",
            "ArticleNumber": "CAB-22020",
            "Criterias": "[{\"attrId\": 0, \"key\": \"Дата производства от\", \"value\": \"03.2002\"}]"
        },
        {
            "Engines": "937 A1.000",
            "HorsePowers": "166",
            "Volume": "200",
            "TypeName": "2.0 JTS (932BXA)",
            "ArticleNumber": "CAB-22020",
            "Criterias": "[]"
        },
        {
            "Engines": "932 A.000",
            "HorsePowers": "250",
            "Volume": "320",
            "TypeName": "3.2 GTA (932.BXB00)",
            "ArticleNumber": "CAB-22020",
            "Criterias": "[]"
        },
        {
            "Engines": "AR 32205",
            "HorsePowers": "140",
            "Volume": "180",
            "TypeName": "1.8 16V T.SPARK (932B31__)",
            "ArticleNumber": "CA-22020",
            "Criterias": "[{\"attrId\": 0, \"key\": \"Дата производства от\", \"value\": \"03.2002\"}]"
        },
        {
            "Engines": "AR 32102,AR 32103,AR 32104,AR 67601",
            "HorsePowers": "120",
            "Volume": "160",
            "TypeName": "1.6 16V T.SPARK. (932B4100)",
            "ArticleNumber": "CA-22020",
            "Criterias": "[{\"attrId\": 0, \"key\": \"Дата производства от\", \"value\": \"03.2002\"}]"
        },
        {
            "Engines": "AR 32405",
            "HorsePowers": "192",
            "Volume": "250",
            "TypeName": "2.5 V6 24V (932B1100)",
            "ArticleNumber": "CA-22020",
            "Criterias": "[{\"attrId\": 0, \"key\": \"Дата производства от\", \"value\": \"03.2002\"}]"
        },
        {
            "Engines": "937 A1.000",
            "HorsePowers": "166",
            "Volume": "200",
            "TypeName": "2.0 JTS (932BXA)",
            "ArticleNumber": "CA-22020",
            "Criterias": "[]"
        },
        {
            "Engines": "932 A.000",
            "HorsePowers": "250",
            "Volume": "320",
            "TypeName": "3.2 GTA (932.BXB00)",
            "ArticleNumber": "CA-22020",
            "Criterias": "[]"
        },
        {
            "Engines": "AR 32310",
            "HorsePowers": "150",
            "Volume": "200",
            "TypeName": "2.0 16V T.SPARK (932B21__)",
            "ArticleNumber": "C-22220",
            "Criterias": "[]"
        },
        {
            "Engines": "AR 32205",
            "HorsePowers": "140",
            "Volume": "180",
            "TypeName": "1.8 16V T.SPARK (932B31__)",
            "ArticleNumber": "C-22220",
            "Criterias": "[]"
        },
        {
            "Engines": "AR 32401",
            "HorsePowers": "190",
            "Volume": "250",
            "TypeName": "2.5 V6 24V (932A1)",
            "ArticleNumber": "C-22220",
            "Criterias": "[]"
        },
        {
            "Engines": "AR 32301,AR 32310",
            "HorsePowers": "155",
            "Volume": "200",
            "TypeName": "2.0 16V T.SPARK (932A2)",
            "ArticleNumber": "C-22220",
            "Criterias": "[]"
        },
        {
            "Engines": "AR 32201",
            "HorsePowers": "144",
            "Volume": "180",
            "TypeName": "1.8 16V T.SPARK (932A3)",
            "ArticleNumber": "C-22220",
            "Criterias": "[]"
        },
        {
            "Engines": "AR 32102,AR 32103,AR 32104,AR 67601",
            "HorsePowers": "120",
            "Volume": "160",
            "TypeName": "1.6 16V T.SPARK. (932B4100)",
            "ArticleNumber": "C-22220",
            "Criterias": "[]"
        },
        {
            "Engines": "AR 32405",
            "HorsePowers": "192",
            "Volume": "250",
            "TypeName": "2.5 V6 24V (932B1100)",
            "ArticleNumber": "C-22220",
            "Criterias": "[]"
        },
        {
            "Engines": "937 A1.000",
            "HorsePowers": "166",
            "Volume": "200",
            "TypeName": "2.0 JTS (932BXA)",
            "ArticleNumber": "C-22230",
            "Criterias": "[{\"attrId\": 0, \"key\": \"Дата производства от\", \"value\": \"10.2004\"}]"
        },
        {
            "Engines": "932 A.000",
            "HorsePowers": "250",
            "Volume": "320",
            "TypeName": "3.2 GTA (932.BXB00)",
            "ArticleNumber": "C-2213",
            "Criterias": "[]"
        },
        {
            "Engines": "937 A1.000",
            "HorsePowers": "166",
            "Volume": "200",
            "TypeName": "2.0 JTS (932BXA)",
            "ArticleNumber": "C-2512",
            "Criterias": "[{\"attrId\": 0, \"key\": \"Дата производства до\", \"value\": \"09.2004\"}]"
        },
        {
            "Engines": "AR 32310",
            "HorsePowers": "150",
            "Volume": "200",
            "TypeName": "2.0 16V T.SPARK (932B21__)",
            "ArticleNumber": "A-70190",
            "Criterias": "[]"
        },
        {
            "Engines": "AR 32205",
            "HorsePowers": "140",
            "Volume": "180",
            "TypeName": "1.8 16V T.SPARK (932B31__)",
            "ArticleNumber": "A-70190",
            "Criterias": "[]"
        },
        {
            "Engines": "AR 32401",
            "HorsePowers": "190",
            "Volume": "250",
            "TypeName": "2.5 V6 24V (932A1)",
            "ArticleNumber": "A-70190",
            "Criterias": "[]"
        },
        {
            "Engines": "AR 32301,AR 32310",
            "HorsePowers": "155",
            "Volume": "200",
            "TypeName": "2.0 16V T.SPARK (932A2)",
            "ArticleNumber": "A-70190",
            "Criterias": "[]"
        },
        {
            "Engines": "AR 32201",
            "HorsePowers": "144",
            "Volume": "180",
            "TypeName": "1.8 16V T.SPARK (932A3)",
            "ArticleNumber": "A-70190",
            "Criterias": "[]"
        },
        {
            "Engines": "AR 32102,AR 32103,AR 32104,AR 67601",
            "HorsePowers": "120",
            "Volume": "160",
            "TypeName": "1.6 16V T.SPARK. (932B4100)",
            "ArticleNumber": "A-70190",
            "Criterias": "[]"
        },
        {
            "Engines": "AR 32405",
            "HorsePowers": "192",
            "Volume": "250",
            "TypeName": "2.5 V6 24V (932B1100)",
            "ArticleNumber": "A-70190",
            "Criterias": "[]"
        },
        {
            "Engines": "937 A1.000",
            "HorsePowers": "166",
            "Volume": "200",
            "TypeName": "2.0 JTS (932BXA)",
            "ArticleNumber": "A-70190",
            "Criterias": "[]"
        },
        {
            "Engines": "932 A.000",
            "HorsePowers": "250",
            "Volume": "320",
            "TypeName": "3.2 GTA (932.BXB00)",
            "ArticleNumber": "A-70190",
            "Criterias": "[]"
        },
        {
            "Engines": "AR 32205",
            "HorsePowers": "140",
            "Volume": "180",
            "TypeName": "1.8 16V T.SPARK (932B31__)",
            "ArticleNumber": "CAC-22020-S",
            "Criterias": "[{\"attrId\": 0, \"key\": \"Дата производства от\", \"value\": \"03.2002\"}]"
        },
        {
            "Engines": "AR 32102,AR 32103,AR 32104,AR 67601",
            "HorsePowers": "120",
            "Volume": "160",
            "TypeName": "1.6 16V T.SPARK. (932B4100)",
            "ArticleNumber": "CAC-22020-S",
            "Criterias": "[{\"attrId\": 0, \"key\": \"Дата производства от\", \"value\": \"03.2002\"}]"
        },
        {
            "Engines": "AR 32405",
            "HorsePowers": "192",
            "Volume": "250",
            "TypeName": "2.5 V6 24V (932B1100)",
            "ArticleNumber": "CAC-22020-S",
            "Criterias": "[{\"attrId\": 0, \"key\": \"Дата производства от\", \"value\": \"03.2002\"}]"
        },
        {
            "Engines": "937 A1.000",
            "HorsePowers": "166",
            "Volume": "200",
            "TypeName": "2.0 JTS (932BXA)",
            "ArticleNumber": "CAC-22020-S",
            "Criterias": "[]"
        },
        {
            "Engines": "932 A.000",
            "HorsePowers": "250",
            "Volume": "320",
            "TypeName": "3.2 GTA (932.BXB00)",
            "ArticleNumber": "CAC-22020-S",
            "Criterias": "[]"
        }
    ],
    "159 (939_)": [
        {
            "Engines": "937 A8.000,939 A8.000",
            "HorsePowers": "136",
            "Volume": "190",
            "TypeName": "1.9 JTDM 16V (939AXF1B, 939AXC1B)",
            "ArticleNumber": "EO-23030",
            "Criterias": "[{\"attrId\": 0, \"key\": \"ограничение производителя\", \"value\": \"Mann+Hummel\"}]"
        },
        {
            "Engines": "937 A7.000,939 A7.000",
            "HorsePowers": "115",
            "Volume": "190",
            "TypeName": "1.9 JTDM 8V (939AXE1B, 939BXE1B, 939BXH1B)",
            "ArticleNumber": "EO-23030",
            "Criterias": "[{\"attrId\": 0, \"key\": \"ограничение производителя\", \"value\": \"Mann+Hummel\"}]"
        },
        {
            "Engines": "939 A2.000",
            "HorsePowers": "150",
            "Volume": "190",
            "TypeName": "1.9 JTDM 16V (939AXC1B, 939AXC12)",
            "ArticleNumber": "EO-23030",
            "Criterias": "[{\"attrId\": 0, \"key\": \"ограничение производителя\", \"value\": \"Mann+Hummel\"}]"
        },
        {
            "Engines": "939 A1.000",
            "HorsePowers": "120",
            "Volume": "190",
            "TypeName": "1.9 JTDM 8V (939AXE1B)",
            "ArticleNumber": "EO-23030",
            "Criterias": "[{\"attrId\": 0, \"key\": \"ограничение производителя\", \"value\": \"Mann+Hummel\"}]"
        },
        {
            "Engines": "937 A8.000,939 A8.000",
            "HorsePowers": "136",
            "Volume": "190",
            "TypeName": "1.9 JTDM 16V (939AXF1B, 939AXC1B)",
            "ArticleNumber": "EO-65140",
            "Criterias": "[{\"attrId\": 0, \"key\": \"Дата производства от\", \"value\": \"03/08\"}, {\"attrId\": 1, \"key\": \"ограничение производителя\", \"value\": \"UFI\"}]"
        },
        {
            "Engines": "937 A7.000,939 A7.000",
            "HorsePowers": "115",
            "Volume": "190",
            "TypeName": "1.9 JTDM 8V (939AXE1B, 939BXE1B, 939BXH1B)",
            "ArticleNumber": "EO-65140",
            "Criterias": "[{\"attrId\": 0, \"key\": \"Дата производства от\", \"value\": \"03/08\"}, {\"attrId\": 1, \"key\": \"ограничение производителя\", \"value\": \"UFI\"}]"
        },
        {
            "Engines": "939 A2.000",
            "HorsePowers": "150",
            "Volume": "190",
            "TypeName": "1.9 JTDM 16V (939AXC1B, 939AXC12)",
            "ArticleNumber": "EO-65140",
            "Criterias": "[{\"attrId\": 0, \"key\": \"Дата производства от\", \"value\": \"03/08\"}, {\"attrId\": 1, \"key\": \"ограничение производителя\", \"value\": \"UFI\"}]"
        },
        {
            "Engines": "939 A1.000",
            "HorsePowers": "120",
            "Volume": "190",
            "TypeName": "1.9 JTDM 8V (939AXE1B)",
            "ArticleNumber": "EO-65140",
            "Criterias": "[{\"attrId\": 0, \"key\": \"Дата производства от\", \"value\": \"03/08\"}, {\"attrId\": 1, \"key\": \"ограничение производителя\", \"value\": \"UFI\"}]"
        },
        {
            "Engines": "939 A4.000",
            "HorsePowers": "140",
            "Volume": "180",
            "TypeName": "1.8 MPI (939AXL1A)",
            "ArticleNumber": "EO-65090",
            "Criterias": "[]"
        },
        {
            "Engines": "939 A5.000",
            "HorsePowers": "185",
            "Volume": "220",
            "TypeName": "2.2 JTS (939AXB1B, 939AXB11)",
            "ArticleNumber": "EO-6507",
            "Criterias": "[]"
        },
        {
            "Engines": "939 A3.000",
            "HorsePowers": "200",
            "Volume": "240",
            "TypeName": "2.4 JTDM (939AXD12, 939AXD1B)",
            "ArticleNumber": "EO-30120",
            "Criterias": "[]"
        },
        {
            "Engines": "937 A8.000,939 A8.000",
            "HorsePowers": "136",
            "Volume": "190",
            "TypeName": "1.9 JTDM 16V (939AXF1B, 939AXC1B)",
            "ArticleNumber": "FS-22020",
            "Criterias": "[]"
        },
        {
            "Engines": "937 A7.000,939 A7.000",
            "HorsePowers": "115",
            "Volume": "190",
            "TypeName": "1.9 JTDM 8V (939AXE1B, 939BXE1B, 939BXH1B)",
            "ArticleNumber": "FS-22020",
            "Criterias": "[]"
        },
        {
            "Engines": "939 A3.000",
            "HorsePowers": "200",
            "Volume": "240",
            "TypeName": "2.4 JTDM (939AXD12, 939AXD1B)",
            "ArticleNumber": "FS-22020",
            "Criterias": "[]"
        },
        {
            "Engines": "939 A2.000",
            "HorsePowers": "150",
            "Volume": "190",
            "TypeName": "1.9 JTDM 16V (939AXC1B, 939AXC12)",
            "ArticleNumber": "FS-22020",
            "Criterias": "[]"
        },
        {
            "Engines": "939 A1.000",
            "HorsePowers": "120",
            "Volume": "190",
            "TypeName": "1.9 JTDM 8V (939AXE1B)",
            "ArticleNumber": "FS-22020",
            "Criterias": "[]"
        }
    ],
    "159 Sportwagon (939_)": [
        {
            "Engines": "939 A2.000",
            "HorsePowers": "150",
            "Volume": "190",
            "TypeName": "1.9 JTDM 16V (939BXC1B, 939BXC12)",
            "ArticleNumber": "EO-23030",
            "Criterias": "[{\"attrId\": 0, \"key\": \"ограничение производителя\", \"value\": \"Mann+Hummel\"}]"
        },
        {
            "Engines": "939 A1.000",
            "HorsePowers": "120",
            "Volume": "190",
            "TypeName": "1.9 JTDM 8V (939BXE1B)",
            "ArticleNumber": "EO-23030",
            "Criterias": "[{\"attrId\": 0, \"key\": \"ограничение производителя\", \"value\": \"Mann+Hummel\"}]"
        },
        {
            "Engines": "937 A8.000,939 A8.000",
            "HorsePowers": "136",
            "Volume": "190",
            "TypeName": "1.9 JTDM 16V (939BXC1B)",
            "ArticleNumber": "EO-23030",
            "Criterias": "[{\"attrId\": 0, \"key\": \"ограничение производителя\", \"value\": \"Mann+Hummel\"}]"
        },
        {
            "Engines": "939 A2.000",
            "HorsePowers": "150",
            "Volume": "190",
            "TypeName": "1.9 JTDM 16V (939BXC1B, 939BXC12)",
            "ArticleNumber": "EO-65140",
            "Criterias": "[{\"attrId\": 0, \"key\": \"Дата производства от\", \"value\": \"03/08\"}, {\"attrId\": 1, \"key\": \"ограничение производителя\", \"value\": \"UFI\"}]"
        },
        {
            "Engines": "939 A1.000",
            "HorsePowers": "120",
            "Volume": "190",
            "TypeName": "1.9 JTDM 8V (939BXE1B)",
            "ArticleNumber": "EO-65140",
            "Criterias": "[{\"attrId\": 0, \"key\": \"Дата производства от\", \"value\": \"03/08\"}, {\"attrId\": 1, \"key\": \"ограничение производителя\", \"value\": \"UFI\"}]"
        },
        {
            "Engines": "937 A8.000,939 A8.000",
            "HorsePowers": "136",
            "Volume": "190",
            "TypeName": "1.9 JTDM 16V (939BXC1B)",
            "ArticleNumber": "EO-65140",
            "Criterias": "[{\"attrId\": 0, \"key\": \"Дата производства от\", \"value\": \"03/08\"}, {\"attrId\": 1, \"key\": \"ограничение производителя\", \"value\": \"UFI\"}]"
        },
        {
            "Engines": "939 A5.000",
            "HorsePowers": "185",
            "Volume": "220",
            "TypeName": "2.2 JTS (939BXB1B, 939BXB11)",
            "ArticleNumber": "EO-6507",
            "Criterias": "[]"
        },
        {
            "Engines": "939 A3.000",
            "HorsePowers": "200",
            "Volume": "240",
            "TypeName": "2.4 JTDM (939BXD1B, 939BXD12)",
            "ArticleNumber": "EO-30120",
            "Criterias": "[]"
        },
        {
            "Engines": "939 A3.000",
            "HorsePowers": "200",
            "Volume": "240",
            "TypeName": "2.4 JTDM (939BXD1B, 939BXD12)",
            "ArticleNumber": "FS-22020",
            "Criterias": "[]"
        },
        {
            "Engines": "939 A2.000",
            "HorsePowers": "150",
            "Volume": "190",
            "TypeName": "1.9 JTDM 16V (939BXC1B, 939BXC12)",
            "ArticleNumber": "FS-22020",
            "Criterias": "[]"
        },
        {
            "Engines": "939 A1.000",
            "HorsePowers": "120",
            "Volume": "190",
            "TypeName": "1.9 JTDM 8V (939BXE1B)",
            "ArticleNumber": "FS-22020",
            "Criterias": "[]"
        },
        {
            "Engines": "937 A8.000,939 A8.000",
            "HorsePowers": "136",
            "Volume": "190",
            "TypeName": "1.9 JTDM 16V (939BXC1B)",
            "ArticleNumber": "FS-22020",
            "Criterias": "[]"
        }
    ]
}