{
    "MULSANNE (3Y_)": [
        {
            "Engines": "CZMA",
            "HorsePowers": "537",
            "Volume": "680",
            "TypeName": "6.8 Speed",
            "ArticleNumber": "CAB-31970",
            "Criterias": "[]"
        },
        {
            "Engines": "CKBB,CZMB",
            "HorsePowers": "513",
            "Volume": "680",
            "TypeName": "6.8",
            "ArticleNumber": "CAB-31970",
            "Criterias": "[]"
        },
        {
            "Engines": "CZMA",
            "HorsePowers": "537",
            "Volume": "680",
            "TypeName": "6.8 Speed",
            "ArticleNumber": "CA-31970",
            "Criterias": "[]"
        },
        {
            "Engines": "CKBB,CZMB",
            "HorsePowers": "513",
            "Volume": "680",
            "TypeName": "6.8",
            "ArticleNumber": "CA-31970",
            "Criterias": "[]"
        },
        {
            "Engines": "CZMA",
            "HorsePowers": "537",
            "Volume": "680",
            "TypeName": "6.8 Speed",
            "ArticleNumber": "CAC-31970",
            "Criterias": "[]"
        },
        {
            "Engines": "CKBB,CZMB",
            "HorsePowers": "513",
            "Volume": "680",
            "TypeName": "6.8",
            "ArticleNumber": "CAC-31970",
            "Criterias": "[]"
        },
        {
            "Engines": "CZMA",
            "HorsePowers": "537",
            "Volume": "680",
            "TypeName": "6.8 Speed",
            "ArticleNumber": "C-7501",
            "Criterias": "[]"
        },
        {
            "Engines": "CKBB,CZMB",
            "HorsePowers": "513",
            "Volume": "680",
            "TypeName": "6.8",
            "ArticleNumber": "C-7501",
            "Criterias": "[]"
        }
    ],
    "BENTAYGA (4V1)": [
        {
            "Engines": "DCUA",
            "HorsePowers": "550",
            "Volume": "400",
            "TypeName": "4.0",
            "ArticleNumber": "CAB-31120",
            "Criterias": "[]"
        },
        {
            "Engines": "CZAC",
            "HorsePowers": "435",
            "Volume": "400",
            "TypeName": "4.0 D",
            "ArticleNumber": "CAB-31120",
            "Criterias": "[]"
        },
        {
            "Engines": "DDBB",
            "HorsePowers": "608",
            "Volume": "600",
            "TypeName": "6.0",
            "ArticleNumber": "CAB-31120",
            "Criterias": "[]"
        },
        {
            "Engines": "DDBD",
            "HorsePowers": "635",
            "Volume": "600",
            "TypeName": "6.0",
            "ArticleNumber": "CAB-31120",
            "Criterias": "[]"
        },
        {
            "Engines": "DCUA",
            "HorsePowers": "550",
            "Volume": "400",
            "TypeName": "4.0",
            "ArticleNumber": "CA-31120",
            "Criterias": "[]"
        },
        {
            "Engines": "CZAC",
            "HorsePowers": "435",
            "Volume": "400",
            "TypeName": "4.0 D",
            "ArticleNumber": "CA-31120",
            "Criterias": "[]"
        },
        {
            "Engines": "DDBB",
            "HorsePowers": "608",
            "Volume": "600",
            "TypeName": "6.0",
            "ArticleNumber": "CA-31120",
            "Criterias": "[]"
        },
        {
            "Engines": "DDBD",
            "HorsePowers": "635",
            "Volume": "600",
            "TypeName": "6.0",
            "ArticleNumber": "CA-31120",
            "Criterias": "[]"
        },
        {
            "Engines": "DCUA",
            "HorsePowers": "550",
            "Volume": "400",
            "TypeName": "4.0",
            "ArticleNumber": "CAC-31120",
            "Criterias": "[]"
        },
        {
            "Engines": "CZAC",
            "HorsePowers": "435",
            "Volume": "400",
            "TypeName": "4.0 D",
            "ArticleNumber": "CAC-31120",
            "Criterias": "[]"
        },
        {
            "Engines": "DDBB",
            "HorsePowers": "608",
            "Volume": "600",
            "TypeName": "6.0",
            "ArticleNumber": "CAC-31120",
            "Criterias": "[]"
        },
        {
            "Engines": "DDBD",
            "HorsePowers": "635",
            "Volume": "600",
            "TypeName": "6.0",
            "ArticleNumber": "CAC-31120",
            "Criterias": "[]"
        },
        {
            "Engines": "DCUA",
            "HorsePowers": "550",
            "Volume": "400",
            "TypeName": "4.0",
            "ArticleNumber": "EO-31130",
            "Criterias": "[]"
        }
    ],
    "CONTINENTAL FLYING SPUR (3W_)": [
        {
            "Engines": "BEB,BWR",
            "HorsePowers": "560",
            "Volume": "600",
            "TypeName": "6.0",
            "ArticleNumber": "EO-31980",
            "Criterias": "[]"
        },
        {
            "Engines": "BWRA",
            "HorsePowers": "610",
            "Volume": "600",
            "TypeName": "6.0 Speed",
            "ArticleNumber": "EO-31980",
            "Criterias": "[]"
        },
        {
            "Engines": "BWRA,CKHC",
            "HorsePowers": "610",
            "Volume": "600",
            "TypeName": "6.0 FLEX",
            "ArticleNumber": "EO-31980",
            "Criterias": "[]"
        }
    ],
    "CONTINENTAL Кабриолет (3W_, 394)": [
        {
            "Engines": "CKHB,CVAB",
            "HorsePowers": "575",
            "Volume": "600",
            "TypeName": "6.0 AWD",
            "ArticleNumber": "EO-31980",
            "Criterias": "[]"
        },
        {
            "Engines": "CKHE,CVAC",
            "HorsePowers": "641",
            "Volume": "600",
            "TypeName": "6.0 CS ISR",
            "ArticleNumber": "EO-31980",
            "Criterias": "[]"
        },
        {
            "Engines": "CVAC,DBDE",
            "HorsePowers": "635",
            "Volume": "600",
            "TypeName": "6.0 GTC Speed AWD",
            "ArticleNumber": "EO-31980",
            "Criterias": "[]"
        },
        {
            "Engines": "CVAA",
            "HorsePowers": "626",
            "Volume": "600",
            "TypeName": "6.0 GTC Speed AWD",
            "ArticleNumber": "EO-31980",
            "Criterias": "[]"
        },
        {
            "Engines": "CKHB",
            "HorsePowers": "575",
            "Volume": "600",
            "TypeName": "6.0 FLEX AWD",
            "ArticleNumber": "EO-31980",
            "Criterias": "[]"
        },
        {
            "Engines": "CKHA",
            "HorsePowers": "630",
            "Volume": "600",
            "TypeName": "6.0 FLEX AWD",
            "ArticleNumber": "EO-31980",
            "Criterias": "[]"
        },
        {
            "Engines": "BEB,BWR,CKHD",
            "HorsePowers": "560",
            "Volume": "600",
            "TypeName": "6.0 AWD",
            "ArticleNumber": "EO-31980",
            "Criterias": "[]"
        }
    ],
    "CONTINENTAL купе (3W_, 393)": [
        {
            "Engines": "CKHB",
            "HorsePowers": "575",
            "Volume": "600",
            "TypeName": "6.0 FLEX",
            "ArticleNumber": "EO-31980",
            "Criterias": "[]"
        },
        {
            "Engines": "BEB,BWR",
            "HorsePowers": "560",
            "Volume": "600",
            "TypeName": "6.0 GT",
            "ArticleNumber": "EO-31980",
            "Criterias": "[]"
        },
        {
            "Engines": "CKHB,CVAB",
            "HorsePowers": "575",
            "Volume": "600",
            "TypeName": "6.0",
            "ArticleNumber": "EO-31980",
            "Criterias": "[]"
        },
        {
            "Engines": "CVAC,DBDE",
            "HorsePowers": "635",
            "Volume": "600",
            "TypeName": "6.0 GT Speed",
            "ArticleNumber": "EO-31980",
            "Criterias": "[]"
        },
        {
            "Engines": "DBDD",
            "HorsePowers": "642",
            "Volume": "600",
            "TypeName": "6.0 GT Speed",
            "ArticleNumber": "EO-31980",
            "Criterias": "[]"
        },
        {
            "Engines": "CVAC",
            "HorsePowers": "635",
            "Volume": "600",
            "TypeName": "6.0 FLEX",
            "ArticleNumber": "EO-31980",
            "Criterias": "[]"
        },
        {
            "Engines": "CVAA",
            "HorsePowers": "626",
            "Volume": "600",
            "TypeName": "6.0 FLEX",
            "ArticleNumber": "EO-31980",
            "Criterias": "[]"
        },
        {
            "Engines": "BWRB,CKHA",
            "HorsePowers": "630",
            "Volume": "600",
            "TypeName": "6.0 Supersports",
            "ArticleNumber": "EO-31980",
            "Criterias": "[]"
        },
        {
            "Engines": "BWRA",
            "HorsePowers": "610",
            "Volume": "600",
            "TypeName": "6.0 GT Speed",
            "ArticleNumber": "EO-31980",
            "Criterias": "[]"
        },
        {
            "Engines": "DBDA",
            "HorsePowers": "590",
            "Volume": "600",
            "TypeName": "6.0 FLEX",
            "ArticleNumber": "EO-31980",
            "Criterias": "[]"
        }
    ]
}