{
    "EADO I седан": [
        {
            "Engines": "JL478QEB",
            "HorsePowers": "113",
            "Volume": "160",
            "TypeName": "1.6 DVVT",
            "ArticleNumber": "CA-38070",
            "Criterias": "[]"
        },
        {
            "Engines": "JL478QEB",
            "HorsePowers": "113",
            "Volume": "160",
            "TypeName": "1.6 DVVT",
            "ArticleNumber": "A-38390",
            "Criterias": "[]"
        }
    ]
}