{
    "TIGGO FL": [
        {
            "Engines": "SQRE4G16",
            "HorsePowers": "126",
            "Volume": "160",
            "TypeName": "1.6",
            "ArticleNumber": "EO-38010",
            "Criterias": "[]"
        }
    ],
    "TIGGO": [
        {
            "Engines": "SQR484F",
            "HorsePowers": "137",
            "Volume": "200",
            "TypeName": "2.0",
            "ArticleNumber": "C-1511",
            "Criterias": "[]"
        },
        {
            "Engines": "SQR484F",
            "HorsePowers": "139",
            "Volume": "200",
            "TypeName": "2.0 Привод на все колеса",
            "ArticleNumber": "C-1511",
            "Criterias": "[]"
        },
        {
            "Engines": "SQR481FC",
            "HorsePowers": "132",
            "Volume": "180",
            "TypeName": "1.8",
            "ArticleNumber": "C-1511",
            "Criterias": "[]"
        },
        {
            "Engines": "SQR481F",
            "HorsePowers": "120",
            "Volume": "160",
            "TypeName": "1.6",
            "ArticleNumber": "C-1511",
            "Criterias": "[]"
        },
        {
            "Engines": "4G64-S4M",
            "HorsePowers": "129",
            "Volume": "240",
            "TypeName": "2.4",
            "ArticleNumber": "C-1011",
            "Criterias": "[]"
        },
        {
            "Engines": "4G64-S4M",
            "HorsePowers": "129",
            "Volume": "240",
            "TypeName": "2.4 Привод на все колеса",
            "ArticleNumber": "C-1011",
            "Criterias": "[]"
        },
        {
            "Engines": "SQR484F",
            "HorsePowers": "137",
            "Volume": "200",
            "TypeName": "2.0",
            "ArticleNumber": "A-38200",
            "Criterias": "[]"
        },
        {
            "Engines": "SQR484F",
            "HorsePowers": "139",
            "Volume": "200",
            "TypeName": "2.0 Привод на все колеса",
            "ArticleNumber": "A-38200",
            "Criterias": "[]"
        },
        {
            "Engines": "SQR481FC",
            "HorsePowers": "132",
            "Volume": "180",
            "TypeName": "1.8",
            "ArticleNumber": "A-38200",
            "Criterias": "[]"
        }
    ]
}