{
    "TUNLAND": [
        {
            "Engines": "ISF2.8-S4161P",
            "HorsePowers": "163",
            "Volume": "280",
            "TypeName": "2.8 D 4WD",
            "ArticleNumber": "CAB-38100",
            "Criterias": "[]"
        },
        {
            "Engines": "ISF2.8-S4161P",
            "HorsePowers": "163",
            "Volume": "280",
            "TypeName": "2.8 D 4WD",
            "ArticleNumber": "CA-38100",
            "Criterias": "[]"
        },
        {
            "Engines": "ISF2.8-S4161P",
            "HorsePowers": "163",
            "Volume": "280",
            "TypeName": "2.8 D 4WD",
            "ArticleNumber": "CAC-38100",
            "Criterias": "[]"
        }
    ]
}