{
    "VOLGA SIBER": [
        {
            "Engines": "JRL41",
            "HorsePowers": "143",
            "Volume": "240",
            "TypeName": "2.4",
            "ArticleNumber": "C-1123",
            "Criterias": "[]"
        },
        {
            "Engines": "JRL41",
            "HorsePowers": "143",
            "Volume": "240",
            "TypeName": "2.4",
            "ArticleNumber": "A-6607",
            "Criterias": "[]"
        }
    ],
    "VOLGA": [
        {
            "Engines": "ZMZ-4062.10",
            "HorsePowers": "131",
            "Volume": "230",
            "TypeName": "2.3",
            "ArticleNumber": "C-68080",
            "Criterias": "[]"
        },
        {
            "Engines": "ZMZ-4021.10",
            "HorsePowers": "100",
            "Volume": "240",
            "TypeName": "2.4",
            "ArticleNumber": "C-68080",
            "Criterias": "[]"
        },
        {
            "Engines": "ZMZ-4062.10",
            "HorsePowers": "145",
            "Volume": "230",
            "TypeName": "2.3",
            "ArticleNumber": "C-68080",
            "Criterias": "[]"
        },
        {
            "Engines": "ZMZ-4052.10",
            "HorsePowers": "136",
            "Volume": "250",
            "TypeName": "2.5",
            "ArticleNumber": "C-68080",
            "Criterias": "[]"
        },
        {
            "Engines": "ZMZ-4062.10",
            "HorsePowers": "131",
            "Volume": "230",
            "TypeName": "2.3",
            "ArticleNumber": "C-68080K",
            "Criterias": "[]"
        },
        {
            "Engines": "ZMZ-4021.10",
            "HorsePowers": "100",
            "Volume": "240",
            "TypeName": "2.4",
            "ArticleNumber": "C-68080K",
            "Criterias": "[]"
        },
        {
            "Engines": "ZMZ-4062.10",
            "HorsePowers": "145",
            "Volume": "230",
            "TypeName": "2.3",
            "ArticleNumber": "C-68080K",
            "Criterias": "[]"
        },
        {
            "Engines": "ZMZ-4052.10",
            "HorsePowers": "136",
            "Volume": "250",
            "TypeName": "2.5",
            "ArticleNumber": "C-68080K",
            "Criterias": "[]"
        }
    ],
    "GAZELLE c бортовой платформой/ходовая часть": [
        {
            "Engines": "UMZ-4216",
            "HorsePowers": "107",
            "Volume": "290",
            "TypeName": "2.9 4x4",
            "ArticleNumber": "C-68080",
            "Criterias": "[]"
        },
        {
            "Engines": "UMZ-4216",
            "HorsePowers": "107",
            "Volume": "290",
            "TypeName": "2.9",
            "ArticleNumber": "C-68080",
            "Criterias": "[]"
        },
        {
            "Engines": "UMZ-4216",
            "HorsePowers": "107",
            "Volume": "290",
            "TypeName": "2.9 4x4",
            "ArticleNumber": "C-68080",
            "Criterias": "[]"
        },
        {
            "Engines": "UMZ-4215.10",
            "HorsePowers": "102",
            "Volume": "290",
            "TypeName": "2.9",
            "ArticleNumber": "C-68080",
            "Criterias": "[]"
        },
        {
            "Engines": "UMZ-4216",
            "HorsePowers": "107",
            "Volume": "290",
            "TypeName": "2.9",
            "ArticleNumber": "C-68080",
            "Criterias": "[]"
        },
        {
            "Engines": "UMZ-4216",
            "HorsePowers": "107",
            "Volume": "290",
            "TypeName": "2.9 4x4",
            "ArticleNumber": "C-68080K",
            "Criterias": "[]"
        },
        {
            "Engines": "UMZ-4216",
            "HorsePowers": "107",
            "Volume": "290",
            "TypeName": "2.9",
            "ArticleNumber": "C-68080K",
            "Criterias": "[]"
        },
        {
            "Engines": "UMZ-4216",
            "HorsePowers": "107",
            "Volume": "290",
            "TypeName": "2.9 4x4",
            "ArticleNumber": "C-68080K",
            "Criterias": "[]"
        },
        {
            "Engines": "UMZ-4215.10",
            "HorsePowers": "102",
            "Volume": "290",
            "TypeName": "2.9",
            "ArticleNumber": "C-68080K",
            "Criterias": "[]"
        },
        {
            "Engines": "UMZ-4216",
            "HorsePowers": "107",
            "Volume": "290",
            "TypeName": "2.9",
            "ArticleNumber": "C-68080K",
            "Criterias": "[]"
        }
    ],
    "SOBOL (2217) Автобус": [
        {
            "Engines": "ZMZ-40522.10",
            "HorsePowers": "152",
            "Volume": "250",
            "TypeName": "2.5 i",
            "ArticleNumber": "C-68080",
            "Criterias": "[]"
        },
        {
            "Engines": "ZMZ-4063.10",
            "HorsePowers": "98",
            "Volume": "230",
            "TypeName": "2.3",
            "ArticleNumber": "C-68080",
            "Criterias": "[]"
        },
        {
            "Engines": "ZMZ-40522.10",
            "HorsePowers": "152",
            "Volume": "250",
            "TypeName": "2.5 i 4x4",
            "ArticleNumber": "C-68080",
            "Criterias": "[]"
        },
        {
            "Engines": "ZMZ-40522.10",
            "HorsePowers": "152",
            "Volume": "250",
            "TypeName": "2.5 i",
            "ArticleNumber": "C-68080K",
            "Criterias": "[]"
        },
        {
            "Engines": "ZMZ-4063.10",
            "HorsePowers": "98",
            "Volume": "230",
            "TypeName": "2.3",
            "ArticleNumber": "C-68080K",
            "Criterias": "[]"
        },
        {
            "Engines": "ZMZ-40522.10",
            "HorsePowers": "152",
            "Volume": "250",
            "TypeName": "2.5 i 4x4",
            "ArticleNumber": "C-68080K",
            "Criterias": "[]"
        }
    ],
    "GAZELLE Автобус": [
        {
            "Engines": "UMZ-4215.10",
            "HorsePowers": "102",
            "Volume": "290",
            "TypeName": "2.9",
            "ArticleNumber": "C-68080",
            "Criterias": "[]"
        },
        {
            "Engines": "UMZ-4215.10",
            "HorsePowers": "102",
            "Volume": "290",
            "TypeName": "2.9",
            "ArticleNumber": "C-68080K",
            "Criterias": "[]"
        }
    ],
    "GAZELLE Фургон": [
        {
            "Engines": "UMZ-4215.10",
            "HorsePowers": "102",
            "Volume": "290",
            "TypeName": "2.9",
            "ArticleNumber": "C-68080",
            "Criterias": "[]"
        },
        {
            "Engines": "ZMZ-40522.10",
            "HorsePowers": "145",
            "Volume": "250",
            "TypeName": "2.5 i",
            "ArticleNumber": "C-68080",
            "Criterias": "[]"
        },
        {
            "Engines": "ZMZ-40522.10",
            "HorsePowers": "152",
            "Volume": "250",
            "TypeName": "2.5 i",
            "ArticleNumber": "C-68080",
            "Criterias": "[]"
        },
        {
            "Engines": "UMZ-4215.10",
            "HorsePowers": "102",
            "Volume": "290",
            "TypeName": "2.9",
            "ArticleNumber": "C-68080K",
            "Criterias": "[]"
        },
        {
            "Engines": "ZMZ-40522.10",
            "HorsePowers": "145",
            "Volume": "250",
            "TypeName": "2.5 i",
            "ArticleNumber": "C-68080K",
            "Criterias": "[]"
        },
        {
            "Engines": "ZMZ-40522.10",
            "HorsePowers": "152",
            "Volume": "250",
            "TypeName": "2.5 i",
            "ArticleNumber": "C-68080K",
            "Criterias": "[]"
        }
    ],
    "SOBOL (2752) Фургон": [
        {
            "Engines": "ZMZ-4061.10",
            "HorsePowers": "110",
            "Volume": "230",
            "TypeName": "2.3",
            "ArticleNumber": "C-68080",
            "Criterias": "[]"
        },
        {
            "Engines": "ZMZ-4061.10",
            "HorsePowers": "110",
            "Volume": "230",
            "TypeName": "2.3",
            "ArticleNumber": "C-68080K",
            "Criterias": "[]"
        }
    ],
    "SOBOL (2310) c бортовой платформой/ходовая часть": [
        {
            "Engines": "ZMZ-40522.10",
            "HorsePowers": "152",
            "Volume": "250",
            "TypeName": "2.5 i",
            "ArticleNumber": "C-68080",
            "Criterias": "[]"
        },
        {
            "Engines": "ZMZ-40522.10",
            "HorsePowers": "152",
            "Volume": "250",
            "TypeName": "2.5 i",
            "ArticleNumber": "C-68080K",
            "Criterias": "[]"
        }
    ]
}