{
    "MK седан": [
        {
            "Engines": "MR479QA",
            "HorsePowers": "94",
            "Volume": "150",
            "TypeName": "1.5",
            "ArticleNumber": "C-1109",
            "Criterias": "[]"
        },
        {
            "Engines": "MR479QA",
            "HorsePowers": "94",
            "Volume": "150",
            "TypeName": "1.5",
            "ArticleNumber": "C-1109",
            "Criterias": "[]"
        },
        {
            "Engines": "MR479QA",
            "HorsePowers": "94",
            "Volume": "150",
            "TypeName": "1.5",
            "ArticleNumber": "FS-24030",
            "Criterias": "[]"
        },
        {
            "Engines": "MR479QA",
            "HorsePowers": "94",
            "Volume": "150",
            "TypeName": "1.5",
            "ArticleNumber": "FS-24030",
            "Criterias": "[]"
        },
        {
            "Engines": "MR479QA",
            "HorsePowers": "94",
            "Volume": "150",
            "TypeName": "1.5",
            "ArticleNumber": "A-24220",
            "Criterias": "[]"
        },
        {
            "Engines": "MR479QA",
            "HorsePowers": "94",
            "Volume": "150",
            "TypeName": "1.5",
            "ArticleNumber": "A-24220",
            "Criterias": "[]"
        }
    ],
    "GC6": [
        {
            "Engines": "MR479QN",
            "HorsePowers": "94",
            "Volume": "150",
            "TypeName": "1.5",
            "ArticleNumber": "C-1109",
            "Criterias": "[]"
        },
        {
            "Engines": "MR479QN",
            "HorsePowers": "94",
            "Volume": "150",
            "TypeName": "1.5",
            "ArticleNumber": "FS-24030",
            "Criterias": "[]"
        },
        {
            "Engines": "MR479QN",
            "HorsePowers": "94",
            "Volume": "150",
            "TypeName": "1.5",
            "ArticleNumber": "A-24220",
            "Criterias": "[]"
        }
    ],
    "EMGRAND седан | EC7": [
        {
            "Engines": "JL4G18",
            "HorsePowers": "131",
            "Volume": "180",
            "TypeName": "1.8",
            "ArticleNumber": "C-1109",
            "Criterias": "[]"
        },
        {
            "Engines": "JL4G18",
            "HorsePowers": "131",
            "Volume": "180",
            "TypeName": "1.8",
            "ArticleNumber": "A-1180",
            "Criterias": "[]"
        }
    ],
    "MK Хэтчбэк": [
        {
            "Engines": "MR479QA",
            "HorsePowers": "94",
            "Volume": "150",
            "TypeName": "1.5",
            "ArticleNumber": "C-1109",
            "Criterias": "[]"
        },
        {
            "Engines": "MR479QA",
            "HorsePowers": "94",
            "Volume": "150",
            "TypeName": "1.5",
            "ArticleNumber": "FS-24030",
            "Criterias": "[]"
        },
        {
            "Engines": "MR479QA",
            "HorsePowers": "94",
            "Volume": "150",
            "TypeName": "1.5",
            "ArticleNumber": "A-24220",
            "Criterias": "[]"
        }
    ],
    "BOYUE (MR6453) | ATLAS": [
        {
            "Engines": "JLE-4G18TDB",
            "HorsePowers": "184",
            "Volume": "180",
            "TypeName": "1.8 TD AWD",
            "ArticleNumber": "C-31070",
            "Criterias": "[]"
        }
    ]
}