{
    "G80 (DH)": [
        {
            "Engines": "G6DP",
            "HorsePowers": "370",
            "Volume": "330",
            "TypeName": "3.3 T-GDI AWD",
            "ArticleNumber": "CAB-28420",
            "Criterias": "[{\"attrId\": 0, \"key\": \"для оригинального номера\", \"value\": \"97133-3M000\"}]"
        },
        {
            "Engines": "G6DP",
            "HorsePowers": "370",
            "Volume": "330",
            "TypeName": "3.3 T-GDI AWD",
            "ArticleNumber": "CA-28420",
            "Criterias": "[{\"attrId\": 0, \"key\": \"для оригинального номера\", \"value\": \"97133-3M000\"}]"
        },
        {
            "Engines": "G6DP",
            "HorsePowers": "370",
            "Volume": "330",
            "TypeName": "3.3 T-GDI AWD",
            "ArticleNumber": "EO-26321",
            "Criterias": "[]"
        }
    ],
    "G90/G90L (HI)": [
        {
            "Engines": "G6DN",
            "HorsePowers": "309",
            "Volume": "380",
            "TypeName": "3.8 GDi 4WD",
            "ArticleNumber": "EO-28120",
            "Criterias": "[]"
        },
        {
            "Engines": "G6DP",
            "HorsePowers": "370",
            "Volume": "330",
            "TypeName": "3.3 T GDI",
            "ArticleNumber": "EO-26321",
            "Criterias": "[]"
        },
        {
            "Engines": "G6DP",
            "HorsePowers": "370",
            "Volume": "330",
            "TypeName": "3.3 T GDI AWD",
            "ArticleNumber": "EO-26321",
            "Criterias": "[]"
        },
        {
            "Engines": "G6DN",
            "HorsePowers": "309",
            "Volume": "380",
            "TypeName": "3.8 GDi 4WD",
            "ArticleNumber": "A-39060",
            "Criterias": "[]"
        }
    ],
    "G70 (IK)": [
        {
            "Engines": "G4KL",
            "HorsePowers": "252",
            "Volume": "200",
            "TypeName": "2.0 T-GDi HTRAC",
            "ArticleNumber": "C-1016",
            "Criterias": "[]"
        },
        {
            "Engines": "G4KL",
            "HorsePowers": "252",
            "Volume": "200",
            "TypeName": "2.0 T-GDi HTRAC",
            "ArticleNumber": "A-29510",
            "Criterias": "[]"
        }
    ]
}