{
    "SAVANA 2500 Standard Passenger Van": [
        {
            "Engines": "LY6",
            "HorsePowers": "328",
            "Volume": "600",
            "TypeName": "6.0",
            "ArticleNumber": "C-7971",
            "Criterias": "[]"
        },
        {
            "Engines": "LQ4(364CUV8)",
            "HorsePowers": "350",
            "Volume": "600",
            "TypeName": "6.0",
            "ArticleNumber": "C-7971",
            "Criterias": "[]"
        },
        {
            "Engines": "LY6",
            "HorsePowers": "328",
            "Volume": "600",
            "TypeName": "6.0",
            "ArticleNumber": "A-6532",
            "Criterias": "[]"
        },
        {
            "Engines": "LQ4(364CUV8)",
            "HorsePowers": "350",
            "Volume": "600",
            "TypeName": "6.0",
            "ArticleNumber": "A-6532",
            "Criterias": "[]"
        }
    ]
}