{
    "HUMMER H3": [
        {
            "Engines": "LH8(325CUV8)",
            "HorsePowers": "305",
            "Volume": "530",
            "TypeName": "5.3 V8 AWD",
            "ArticleNumber": "C-7971",
            "Criterias": "[]"
        },
        {
            "Engines": "LLR",
            "HorsePowers": "245",
            "Volume": "370",
            "TypeName": "3.7 4WD",
            "ArticleNumber": "C-65380",
            "Criterias": "[]"
        },
        {
            "Engines": "LLR",
            "HorsePowers": "245",
            "Volume": "370",
            "TypeName": "3.7 4WD",
            "ArticleNumber": "C-65380",
            "Criterias": "[]"
        },
        {
            "Engines": "L52",
            "HorsePowers": "220",
            "Volume": "350",
            "TypeName": "3.5",
            "ArticleNumber": "C-65380",
            "Criterias": "[]"
        },
        {
            "Engines": "LLR",
            "HorsePowers": "245",
            "Volume": "370",
            "TypeName": "3.7 4WD",
            "ArticleNumber": "3081-1009",
            "Criterias": "[]"
        },
        {
            "Engines": "LLR",
            "HorsePowers": "245",
            "Volume": "370",
            "TypeName": "3.7 4WD",
            "ArticleNumber": "3081-1009",
            "Criterias": "[]"
        },
        {
            "Engines": "L52",
            "HorsePowers": "220",
            "Volume": "350",
            "TypeName": "3.5",
            "ArticleNumber": "3081-1009",
            "Criterias": "[]"
        },
        {
            "Engines": "LLR",
            "HorsePowers": "245",
            "Volume": "370",
            "TypeName": "3.7 4WD",
            "ArticleNumber": "A-65560",
            "Criterias": "[{\"attrId\": 0, \"key\": \"для модельного ряда\", \"value\": \"2007\"}]"
        },
        {
            "Engines": "LLR",
            "HorsePowers": "245",
            "Volume": "370",
            "TypeName": "3.7 4WD",
            "ArticleNumber": "A-65560",
            "Criterias": "[{\"attrId\": 0, \"key\": \"для модельного ряда\", \"value\": \"2007\"}]"
        },
        {
            "Engines": "L52",
            "HorsePowers": "220",
            "Volume": "350",
            "TypeName": "3.5",
            "ArticleNumber": "A-65560",
            "Criterias": "[]"
        },
        {
            "Engines": "LH8(325CUV8)",
            "HorsePowers": "305",
            "Volume": "530",
            "TypeName": "5.3 V8 AWD",
            "ArticleNumber": "A-65580",
            "Criterias": "[]"
        },
        {
            "Engines": "LLR",
            "HorsePowers": "245",
            "Volume": "370",
            "TypeName": "3.7 4WD",
            "ArticleNumber": "A-65580",
            "Criterias": "[{\"attrId\": 0, \"key\": \"Модельный год от\", \"value\": \"2008\"}]"
        },
        {
            "Engines": "LLR",
            "HorsePowers": "245",
            "Volume": "370",
            "TypeName": "3.7 4WD",
            "ArticleNumber": "A-65580",
            "Criterias": "[{\"attrId\": 0, \"key\": \"Модельный год от\", \"value\": \"2008\"}]"
        }
    ],
    "HUMMER H2  SUT": [
        {
            "Engines": "L92",
            "HorsePowers": "398",
            "Volume": "620",
            "TypeName": "6.2 Flexfuel AWD",
            "ArticleNumber": "C-7971",
            "Criterias": "[]"
        },
        {
            "Engines": "LQ4",
            "HorsePowers": "398",
            "Volume": "620",
            "TypeName": "6.2 AWD",
            "ArticleNumber": "C-7971",
            "Criterias": "[]"
        },
        {
            "Engines": "LQ4(364CUV8)",
            "HorsePowers": "322",
            "Volume": "600",
            "TypeName": "6.0 AWD",
            "ArticleNumber": "C-7971",
            "Criterias": "[{\"attrId\": 0, \"key\": \"для модельного ряда\", \"value\": \"2007\"}]"
        },
        {
            "Engines": "LQ4(364CUV8)",
            "HorsePowers": "322",
            "Volume": "600",
            "TypeName": "6.0 AWD",
            "ArticleNumber": "C-6526",
            "Criterias": "[{\"attrId\": 0, \"key\": \"Модельный год до\", \"value\": \"2006\"}]"
        },
        {
            "Engines": "LQ4(364CUV8)",
            "HorsePowers": "322",
            "Volume": "600",
            "TypeName": "6.0 AWD",
            "ArticleNumber": "3081-1016",
            "Criterias": "[]"
        }
    ],
    "HUMMER H2": [
        {
            "Engines": "LQ4(364CUV8)",
            "HorsePowers": "315",
            "Volume": "600",
            "TypeName": "6.0 AWD",
            "ArticleNumber": "C-7971",
            "Criterias": "[{\"attrId\": 0, \"key\": \"для модельного ряда\", \"value\": \"2007\"}]"
        },
        {
            "Engines": "L92",
            "HorsePowers": "398",
            "Volume": "620",
            "TypeName": "6.2 AWD",
            "ArticleNumber": "C-7971",
            "Criterias": "[]"
        },
        {
            "Engines": "L9H",
            "HorsePowers": "398",
            "Volume": "620",
            "TypeName": "6.2 FLEX AWD",
            "ArticleNumber": "C-7971",
            "Criterias": "[]"
        },
        {
            "Engines": "LQ4(364CUV8)",
            "HorsePowers": "315",
            "Volume": "600",
            "TypeName": "6.0 AWD",
            "ArticleNumber": "C-6526",
            "Criterias": "[{\"attrId\": 0, \"key\": \"Модельный год до\", \"value\": \"2006\"}]"
        },
        {
            "Engines": "LQ4(364CUV8)",
            "HorsePowers": "315",
            "Volume": "600",
            "TypeName": "6.0 AWD",
            "ArticleNumber": "3081-1016",
            "Criterias": "[]"
        }
    ],
    "H2 вездеход закрытый": [
        {
            "Engines": "LQ4(364CUV8)",
            "HorsePowers": "321",
            "Volume": "600",
            "TypeName": "6.0 AWD",
            "ArticleNumber": "C-6526",
            "Criterias": "[]"
        },
        {
            "Engines": "LQ4(364CUV8)",
            "HorsePowers": "321",
            "Volume": "600",
            "TypeName": "6.0 AWD",
            "ArticleNumber": "3081-1016",
            "Criterias": "[]"
        }
    ],
    "HUMMER H3T": [
        {
            "Engines": "LLR",
            "HorsePowers": "245",
            "Volume": "370",
            "TypeName": "3.7 4WD",
            "ArticleNumber": "C-65380",
            "Criterias": "[]"
        },
        {
            "Engines": "LLR",
            "HorsePowers": "245",
            "Volume": "370",
            "TypeName": "3.7 4WD",
            "ArticleNumber": "3081-1009",
            "Criterias": "[]"
        },
        {
            "Engines": "LLR",
            "HorsePowers": "245",
            "Volume": "370",
            "TypeName": "3.7 4WD",
            "ArticleNumber": "A-65580",
            "Criterias": "[]"
        }
    ]
}