{
    "SAMAND седан (7B)": [
        {
            "Engines": "TU5JP4L4",
            "HorsePowers": "104",
            "Volume": "160",
            "TypeName": "1.6",
            "ArticleNumber": "EO-24070",
            "Criterias": "[]"
        },
        {
            "Engines": "XU7JPL3",
            "HorsePowers": "100",
            "Volume": "180",
            "TypeName": "1.8",
            "ArticleNumber": "C-21990",
            "Criterias": "[]"
        },
        {
            "Engines": "XU7JPL3",
            "HorsePowers": "100",
            "Volume": "180",
            "TypeName": "1.8",
            "ArticleNumber": "FS-2102",
            "Criterias": "[]"
        },
        {
            "Engines": "TU5JP4L4",
            "HorsePowers": "104",
            "Volume": "160",
            "TypeName": "1.6",
            "ArticleNumber": "FS-2102",
            "Criterias": "[]"
        },
        {
            "Engines": "XU7JPL3",
            "HorsePowers": "100",
            "Volume": "180",
            "TypeName": "1.8",
            "ArticleNumber": "A-2520",
            "Criterias": "[]"
        },
        {
            "Engines": "TU5JP4L4",
            "HorsePowers": "104",
            "Volume": "160",
            "TypeName": "1.6",
            "ArticleNumber": "A-2102",
            "Criterias": "[]"
        }
    ]
}