{
    "6520": [
        {
            "Engines": "ISLe 350",
            "HorsePowers": "350",
            "Volume": "280",
            "TypeName": "6520",
            "ArticleNumber": "C-5707",
            "Criterias": "[]"
        },
        {
            "Engines": "ISLe 350",
            "HorsePowers": "350",
            "Volume": "280",
            "TypeName": "6520",
            "ArticleNumber": "SFC-5509-10",
            "Criterias": "[]"
        },
        {
            "Engines": "ISLe 350",
            "HorsePowers": "350",
            "Volume": "280",
            "TypeName": "6520",
            "ArticleNumber": "WC-5705",
            "Criterias": "[]"
        },
        {
            "Engines": "ISLe 350",
            "HorsePowers": "350",
            "Volume": "280",
            "TypeName": "6520",
            "ArticleNumber": "A-6804",
            "Criterias": "[]"
        },
        {
            "Engines": "ISLe 350",
            "HorsePowers": "350",
            "Volume": "280",
            "TypeName": "6520",
            "ArticleNumber": "AC-60010",
            "Criterias": "[]"
        },
        {
            "Engines": "ISLe 350",
            "HorsePowers": "350",
            "Volume": "280",
            "TypeName": "6520",
            "ArticleNumber": "AC-7901",
            "Criterias": "[]"
        }
    ]
}