{
    "NINJA (601cc - )": [
        {
            "Engines": NaN,
            "HorsePowers": "178",
            "Volume": "120",
            "TypeName": "Ninja ZX-12R (ZXT20A/A)",
            "ArticleNumber": "C-1016",
            "Criterias": "[]"
        },
        {
            "Engines": NaN,
            "HorsePowers": "188",
            "Volume": "100",
            "TypeName": "Ninja ZX-10R (ZXT00F)",
            "ArticleNumber": "C-1016",
            "Criterias": "[]"
        },
        {
            "Engines": NaN,
            "HorsePowers": "131",
            "Volume": "64",
            "TypeName": "Ninja ZX-6R 636 ABS (ZX636E)",
            "ArticleNumber": "C-1016",
            "Criterias": "[]"
        },
        {
            "Engines": NaN,
            "HorsePowers": "131",
            "Volume": "64",
            "TypeName": "Ninja ZX-6R 636 (ZX636E)",
            "ArticleNumber": "C-1016",
            "Criterias": "[]"
        },
        {
            "Engines": NaN,
            "HorsePowers": "143",
            "Volume": "100",
            "TypeName": "Ninja 1000 SX (ZXT02K)",
            "ArticleNumber": "C-1016",
            "Criterias": "[]"
        },
        {
            "Engines": NaN,
            "HorsePowers": "68",
            "Volume": "65",
            "TypeName": "Ninja 650 (EX650K, EX650M, EX650S)",
            "ArticleNumber": "C-1016",
            "Criterias": "[]"
        },
        {
            "Engines": NaN,
            "HorsePowers": "122",
            "Volume": "75",
            "TypeName": "Ninja ZX-7RR (ZX750N)",
            "ArticleNumber": "C-1016",
            "Criterias": "[]"
        },
        {
            "Engines": NaN,
            "HorsePowers": "174",
            "Volume": "100",
            "TypeName": "Ninja ZX-10R (ZXT00C)",
            "ArticleNumber": "C-1016",
            "Criterias": "[]"
        },
        {
            "Engines": NaN,
            "HorsePowers": "190",
            "Volume": "120",
            "TypeName": "Ninja ZX-12R (ZXT20A/B)",
            "ArticleNumber": "C-1016",
            "Criterias": "[]"
        },
        {
            "Engines": NaN,
            "HorsePowers": "141",
            "Volume": "90",
            "TypeName": "Ninja ZX-9R (ZX900C/D)",
            "ArticleNumber": "C-1016",
            "Criterias": "[]"
        },
        {
            "Engines": NaN,
            "HorsePowers": "143",
            "Volume": "90",
            "TypeName": "Ninja ZX-9R (ZX900E)",
            "ArticleNumber": "C-1016",
            "Criterias": "[]"
        },
        {
            "Engines": NaN,
            "HorsePowers": "143",
            "Volume": "90",
            "TypeName": "Ninja ZX-9R (ZX900C/D)",
            "ArticleNumber": "C-1016",
            "Criterias": "[]"
        },
        {
            "Engines": NaN,
            "HorsePowers": "175",
            "Volume": "100",
            "TypeName": "Ninja ZX-10R (ZXT00C/D)",
            "ArticleNumber": "C-1016",
            "Criterias": "[]"
        },
        {
            "Engines": NaN,
            "HorsePowers": "188",
            "Volume": "100",
            "TypeName": "Ninja ZX-10R (ZXT00E)",
            "ArticleNumber": "C-1016",
            "Criterias": "[]"
        },
        {
            "Engines": NaN,
            "HorsePowers": "178",
            "Volume": "120",
            "TypeName": "Ninja ZX-12R (ZXT20A/B04)",
            "ArticleNumber": "C-1016",
            "Criterias": "[]"
        },
        {
            "Engines": NaN,
            "HorsePowers": "143",
            "Volume": "90",
            "TypeName": "Ninja ZX-9R (ZX900F)",
            "ArticleNumber": "C-1016",
            "Criterias": "[]"
        },
        {
            "Engines": NaN,
            "HorsePowers": "122",
            "Volume": "75",
            "TypeName": "Ninja ZX-7R (ZX750P)",
            "ArticleNumber": "C-1016",
            "Criterias": "[]"
        },
        {
            "Engines": NaN,
            "HorsePowers": "131",
            "Volume": "64",
            "TypeName": "Ninja ZX-6R (ZX636C)",
            "ArticleNumber": "C-1016",
            "Criterias": "[]"
        },
        {
            "Engines": NaN,
            "HorsePowers": "113",
            "Volume": "64",
            "TypeName": "Ninja ZX-6R (ZX636A)",
            "ArticleNumber": "C-1016",
            "Criterias": "[]"
        },
        {
            "Engines": NaN,
            "HorsePowers": "200",
            "Volume": "100",
            "TypeName": "Ninja ZX-10R ABS (ZXT00J/J-K)",
            "ArticleNumber": "C-1016",
            "Criterias": "[]"
        },
        {
            "Engines": NaN,
            "HorsePowers": "200",
            "Volume": "100",
            "TypeName": "Ninja ZX-10R (ZXT00J/J-K)",
            "ArticleNumber": "C-1016",
            "Criterias": "[]"
        },
        {
            "Engines": NaN,
            "HorsePowers": "118",
            "Volume": "64",
            "TypeName": "Ninja ZX-6R (ZX636B)",
            "ArticleNumber": "C-1016",
            "Criterias": "[]"
        },
        {
            "Engines": NaN,
            "HorsePowers": "178",
            "Volume": "120",
            "TypeName": "Ninja ZX-12R (ZXT20A/A)",
            "ArticleNumber": "C-9201",
            "Criterias": "[]"
        },
        {
            "Engines": NaN,
            "HorsePowers": "188",
            "Volume": "100",
            "TypeName": "Ninja ZX-10R (ZXT00F)",
            "ArticleNumber": "C-9201",
            "Criterias": "[]"
        },
        {
            "Engines": NaN,
            "HorsePowers": "131",
            "Volume": "64",
            "TypeName": "Ninja ZX-6R 636 ABS (ZX636E)",
            "ArticleNumber": "C-9201",
            "Criterias": "[]"
        },
        {
            "Engines": NaN,
            "HorsePowers": "131",
            "Volume": "64",
            "TypeName": "Ninja ZX-6R 636 (ZX636E)",
            "ArticleNumber": "C-9201",
            "Criterias": "[]"
        },
        {
            "Engines": NaN,
            "HorsePowers": "143",
            "Volume": "100",
            "TypeName": "Ninja 1000 SX (ZXT02K)",
            "ArticleNumber": "C-9201",
            "Criterias": "[]"
        },
        {
            "Engines": NaN,
            "HorsePowers": "68",
            "Volume": "65",
            "TypeName": "Ninja 650 (EX650K, EX650M, EX650S)",
            "ArticleNumber": "C-9201",
            "Criterias": "[]"
        },
        {
            "Engines": NaN,
            "HorsePowers": "122",
            "Volume": "75",
            "TypeName": "Ninja ZX-7RR (ZX750N)",
            "ArticleNumber": "C-9201",
            "Criterias": "[]"
        },
        {
            "Engines": NaN,
            "HorsePowers": "174",
            "Volume": "100",
            "TypeName": "Ninja ZX-10R (ZXT00C)",
            "ArticleNumber": "C-9201",
            "Criterias": "[]"
        },
        {
            "Engines": NaN,
            "HorsePowers": "190",
            "Volume": "120",
            "TypeName": "Ninja ZX-12R (ZXT20A/B)",
            "ArticleNumber": "C-9201",
            "Criterias": "[]"
        },
        {
            "Engines": NaN,
            "HorsePowers": "141",
            "Volume": "90",
            "TypeName": "Ninja ZX-9R (ZX900C/D)",
            "ArticleNumber": "C-9201",
            "Criterias": "[]"
        },
        {
            "Engines": NaN,
            "HorsePowers": "143",
            "Volume": "90",
            "TypeName": "Ninja ZX-9R (ZX900E)",
            "ArticleNumber": "C-9201",
            "Criterias": "[]"
        },
        {
            "Engines": NaN,
            "HorsePowers": "143",
            "Volume": "90",
            "TypeName": "Ninja ZX-9R (ZX900C/D)",
            "ArticleNumber": "C-9201",
            "Criterias": "[]"
        },
        {
            "Engines": NaN,
            "HorsePowers": "175",
            "Volume": "100",
            "TypeName": "Ninja ZX-10R (ZXT00C/D)",
            "ArticleNumber": "C-9201",
            "Criterias": "[]"
        },
        {
            "Engines": NaN,
            "HorsePowers": "188",
            "Volume": "100",
            "TypeName": "Ninja ZX-10R (ZXT00E)",
            "ArticleNumber": "C-9201",
            "Criterias": "[]"
        },
        {
            "Engines": NaN,
            "HorsePowers": "178",
            "Volume": "120",
            "TypeName": "Ninja ZX-12R (ZXT20A/B04)",
            "ArticleNumber": "C-9201",
            "Criterias": "[]"
        },
        {
            "Engines": NaN,
            "HorsePowers": "143",
            "Volume": "90",
            "TypeName": "Ninja ZX-9R (ZX900F)",
            "ArticleNumber": "C-9201",
            "Criterias": "[]"
        },
        {
            "Engines": NaN,
            "HorsePowers": "122",
            "Volume": "75",
            "TypeName": "Ninja ZX-7R (ZX750P)",
            "ArticleNumber": "C-9201",
            "Criterias": "[]"
        },
        {
            "Engines": NaN,
            "HorsePowers": "131",
            "Volume": "64",
            "TypeName": "Ninja ZX-6R (ZX636C)",
            "ArticleNumber": "C-9201",
            "Criterias": "[]"
        },
        {
            "Engines": NaN,
            "HorsePowers": "113",
            "Volume": "64",
            "TypeName": "Ninja ZX-6R (ZX636A)",
            "ArticleNumber": "C-9201",
            "Criterias": "[]"
        },
        {
            "Engines": NaN,
            "HorsePowers": "200",
            "Volume": "100",
            "TypeName": "Ninja ZX-10R ABS (ZXT00J/J-K)",
            "ArticleNumber": "C-9201",
            "Criterias": "[]"
        },
        {
            "Engines": NaN,
            "HorsePowers": "200",
            "Volume": "100",
            "TypeName": "Ninja ZX-10R (ZXT00J/J-K)",
            "ArticleNumber": "C-9201",
            "Criterias": "[]"
        },
        {
            "Engines": NaN,
            "HorsePowers": "118",
            "Volume": "64",
            "TypeName": "Ninja ZX-6R (ZX636B)",
            "ArticleNumber": "C-9201",
            "Criterias": "[]"
        }
    ],
    "Z (900cc - )": [
        {
            "Engines": NaN,
            "HorsePowers": "144",
            "Volume": "104",
            "TypeName": "Z 1000 ABS (ZRT00F)",
            "ArticleNumber": "C-1016",
            "Criterias": "[]"
        },
        {
            "Engines": NaN,
            "HorsePowers": "144",
            "Volume": "104",
            "TypeName": "Z 1000 (ZRT00F)",
            "ArticleNumber": "C-1016",
            "Criterias": "[]"
        },
        {
            "Engines": NaN,
            "HorsePowers": "125",
            "Volume": "95",
            "TypeName": "Z 900 (ZR900B, ZR900D, ZR900F)",
            "ArticleNumber": "C-1016",
            "Criterias": "[]"
        },
        {
            "Engines": NaN,
            "HorsePowers": "126",
            "Volume": "95",
            "TypeName": "Z 1000 (ZRT00A)",
            "ArticleNumber": "C-1016",
            "Criterias": "[]"
        },
        {
            "Engines": NaN,
            "HorsePowers": "138",
            "Volume": "104",
            "TypeName": "Z 1000 (ZRT00D)",
            "ArticleNumber": "C-1016",
            "Criterias": "[]"
        },
        {
            "Engines": NaN,
            "HorsePowers": "125",
            "Volume": "95",
            "TypeName": "Z 1000 (ZRT00B)",
            "ArticleNumber": "C-1016",
            "Criterias": "[]"
        },
        {
            "Engines": NaN,
            "HorsePowers": "144",
            "Volume": "104",
            "TypeName": "Z 1000 ABS (ZRT00F)",
            "ArticleNumber": "C-9201",
            "Criterias": "[]"
        },
        {
            "Engines": NaN,
            "HorsePowers": "144",
            "Volume": "104",
            "TypeName": "Z 1000 (ZRT00F)",
            "ArticleNumber": "C-9201",
            "Criterias": "[]"
        },
        {
            "Engines": NaN,
            "HorsePowers": "125",
            "Volume": "95",
            "TypeName": "Z 900 (ZR900B, ZR900D, ZR900F)",
            "ArticleNumber": "C-9201",
            "Criterias": "[]"
        },
        {
            "Engines": NaN,
            "HorsePowers": "126",
            "Volume": "95",
            "TypeName": "Z 1000 (ZRT00A)",
            "ArticleNumber": "C-9201",
            "Criterias": "[]"
        },
        {
            "Engines": NaN,
            "HorsePowers": "138",
            "Volume": "104",
            "TypeName": "Z 1000 (ZRT00D)",
            "ArticleNumber": "C-9201",
            "Criterias": "[]"
        },
        {
            "Engines": NaN,
            "HorsePowers": "125",
            "Volume": "95",
            "TypeName": "Z 1000 (ZRT00B)",
            "ArticleNumber": "C-9201",
            "Criterias": "[]"
        }
    ],
    "VULCAN": [
        {
            "Engines": NaN,
            "HorsePowers": "61",
            "Volume": "65",
            "TypeName": "Vulcan S ABS (EN650A)",
            "ArticleNumber": "C-1016",
            "Criterias": "[]"
        },
        {
            "Engines": NaN,
            "HorsePowers": "61",
            "Volume": "65",
            "TypeName": "Vulcan S (EN650A)",
            "ArticleNumber": "C-1016",
            "Criterias": "[]"
        },
        {
            "Engines": NaN,
            "HorsePowers": "73",
            "Volume": "170",
            "TypeName": "Vulcan 1700 Voyager ABS (VNT70A)",
            "ArticleNumber": "C-1016",
            "Criterias": "[]"
        },
        {
            "Engines": NaN,
            "HorsePowers": "73",
            "Volume": "170",
            "TypeName": "Vulcan 1700 Nomad ABS (VNT70C)",
            "ArticleNumber": "C-1016",
            "Criterias": "[]"
        },
        {
            "Engines": NaN,
            "HorsePowers": "61",
            "Volume": "65",
            "TypeName": "Vulcan S (EN650D)",
            "ArticleNumber": "C-1016",
            "Criterias": "[]"
        },
        {
            "Engines": NaN,
            "HorsePowers": "61",
            "Volume": "65",
            "TypeName": "Vulcan S ABS (EN650A)",
            "ArticleNumber": "C-9201",
            "Criterias": "[]"
        },
        {
            "Engines": NaN,
            "HorsePowers": "61",
            "Volume": "65",
            "TypeName": "Vulcan S (EN650A)",
            "ArticleNumber": "C-9201",
            "Criterias": "[]"
        },
        {
            "Engines": NaN,
            "HorsePowers": "73",
            "Volume": "170",
            "TypeName": "Vulcan 1700 Voyager ABS (VNT70A)",
            "ArticleNumber": "C-9201",
            "Criterias": "[]"
        },
        {
            "Engines": NaN,
            "HorsePowers": "73",
            "Volume": "170",
            "TypeName": "Vulcan 1700 Nomad ABS (VNT70C)",
            "ArticleNumber": "C-9201",
            "Criterias": "[]"
        },
        {
            "Engines": NaN,
            "HorsePowers": "61",
            "Volume": "65",
            "TypeName": "Vulcan S (EN650D)",
            "ArticleNumber": "C-9201",
            "Criterias": "[]"
        }
    ],
    "VERSYS": [
        {
            "Engines": NaN,
            "HorsePowers": "69",
            "Volume": "65",
            "TypeName": "Versys 650 ABS (LE650E)",
            "ArticleNumber": "C-1016",
            "Criterias": "[]"
        },
        {
            "Engines": NaN,
            "HorsePowers": "69",
            "Volume": "65",
            "TypeName": "Versys 650 (LE650E)",
            "ArticleNumber": "C-1016",
            "Criterias": "[]"
        },
        {
            "Engines": NaN,
            "HorsePowers": "120",
            "Volume": "104",
            "TypeName": "Versys 1000 (LTZ00B, LZT00C)",
            "ArticleNumber": "C-1016",
            "Criterias": "[]"
        },
        {
            "Engines": NaN,
            "HorsePowers": "120",
            "Volume": "104",
            "TypeName": "Versys 1000 Grand Tourer (LZT00B)",
            "ArticleNumber": "C-1016",
            "Criterias": "[]"
        },
        {
            "Engines": NaN,
            "HorsePowers": "120",
            "Volume": "104",
            "TypeName": "Versys 1000 Tourer (LZT00B)",
            "ArticleNumber": "C-1016",
            "Criterias": "[]"
        },
        {
            "Engines": NaN,
            "HorsePowers": "120",
            "Volume": "104",
            "TypeName": "Versys 1000 (LZT00B)",
            "ArticleNumber": "C-1016",
            "Criterias": "[]"
        },
        {
            "Engines": NaN,
            "HorsePowers": "118",
            "Volume": "104",
            "TypeName": "Versys 1000 (LZT00A)",
            "ArticleNumber": "C-1016",
            "Criterias": "[]"
        },
        {
            "Engines": NaN,
            "HorsePowers": "118",
            "Volume": "104",
            "TypeName": "Versys 1000 Grand Tourer ABS (LZT00A)",
            "ArticleNumber": "C-1016",
            "Criterias": "[]"
        },
        {
            "Engines": NaN,
            "HorsePowers": "64",
            "Volume": "65",
            "TypeName": "Versys (LE650C)",
            "ArticleNumber": "C-1016",
            "Criterias": "[]"
        },
        {
            "Engines": NaN,
            "HorsePowers": "64",
            "Volume": "65",
            "TypeName": "Versys (LE650A)",
            "ArticleNumber": "C-1016",
            "Criterias": "[]"
        },
        {
            "Engines": NaN,
            "HorsePowers": "64",
            "Volume": "65",
            "TypeName": "Versys Tourer (LE650C)",
            "ArticleNumber": "C-1016",
            "Criterias": "[]"
        },
        {
            "Engines": NaN,
            "HorsePowers": "69",
            "Volume": "65",
            "TypeName": "Versys 650 ABS (LE650E)",
            "ArticleNumber": "C-9201",
            "Criterias": "[]"
        },
        {
            "Engines": NaN,
            "HorsePowers": "69",
            "Volume": "65",
            "TypeName": "Versys 650 (LE650E)",
            "ArticleNumber": "C-9201",
            "Criterias": "[]"
        },
        {
            "Engines": NaN,
            "HorsePowers": "120",
            "Volume": "104",
            "TypeName": "Versys 1000 (LTZ00B, LZT00C)",
            "ArticleNumber": "C-9201",
            "Criterias": "[]"
        },
        {
            "Engines": NaN,
            "HorsePowers": "120",
            "Volume": "104",
            "TypeName": "Versys 1000 Grand Tourer (LZT00B)",
            "ArticleNumber": "C-9201",
            "Criterias": "[]"
        },
        {
            "Engines": NaN,
            "HorsePowers": "120",
            "Volume": "104",
            "TypeName": "Versys 1000 Tourer (LZT00B)",
            "ArticleNumber": "C-9201",
            "Criterias": "[]"
        },
        {
            "Engines": NaN,
            "HorsePowers": "120",
            "Volume": "104",
            "TypeName": "Versys 1000 (LZT00B)",
            "ArticleNumber": "C-9201",
            "Criterias": "[]"
        },
        {
            "Engines": NaN,
            "HorsePowers": "118",
            "Volume": "104",
            "TypeName": "Versys 1000 (LZT00A)",
            "ArticleNumber": "C-9201",
            "Criterias": "[]"
        },
        {
            "Engines": NaN,
            "HorsePowers": "118",
            "Volume": "104",
            "TypeName": "Versys 1000 Grand Tourer ABS (LZT00A)",
            "ArticleNumber": "C-9201",
            "Criterias": "[]"
        },
        {
            "Engines": NaN,
            "HorsePowers": "64",
            "Volume": "65",
            "TypeName": "Versys (LE650C)",
            "ArticleNumber": "C-9201",
            "Criterias": "[]"
        },
        {
            "Engines": NaN,
            "HorsePowers": "64",
            "Volume": "65",
            "TypeName": "Versys (LE650A)",
            "ArticleNumber": "C-9201",
            "Criterias": "[]"
        },
        {
            "Engines": NaN,
            "HorsePowers": "64",
            "Volume": "65",
            "TypeName": "Versys Tourer (LE650C)",
            "ArticleNumber": "C-9201",
            "Criterias": "[]"
        }
    ],
    "ZZ-R": [
        {
            "Engines": NaN,
            "HorsePowers": "98",
            "Volume": "60",
            "TypeName": "ZZ-R 600 (ZX600E4-13)",
            "ArticleNumber": "C-1016",
            "Criterias": "[]"
        },
        {
            "Engines": NaN,
            "HorsePowers": "101",
            "Volume": "60",
            "TypeName": "ZZ-R 600 (ZX600E4-13)",
            "ArticleNumber": "C-1016",
            "Criterias": "[]"
        },
        {
            "Engines": NaN,
            "HorsePowers": "98",
            "Volume": "60",
            "TypeName": "ZZ-R 600 (ZX600D)",
            "ArticleNumber": "C-1016",
            "Criterias": "[]"
        },
        {
            "Engines": NaN,
            "HorsePowers": "98",
            "Volume": "60",
            "TypeName": "ZZ-R 600 (ZX600E1-3)",
            "ArticleNumber": "C-1016",
            "Criterias": "[]"
        },
        {
            "Engines": NaN,
            "HorsePowers": "101",
            "Volume": "60",
            "TypeName": "ZZ-R 600 (ZX600E1-3)",
            "ArticleNumber": "C-1016",
            "Criterias": "[]"
        },
        {
            "Engines": NaN,
            "HorsePowers": "98",
            "Volume": "60",
            "TypeName": "ZZ-R 600 (ZX600E4-13)",
            "ArticleNumber": "C-9201",
            "Criterias": "[]"
        },
        {
            "Engines": NaN,
            "HorsePowers": "101",
            "Volume": "60",
            "TypeName": "ZZ-R 600 (ZX600E4-13)",
            "ArticleNumber": "C-9201",
            "Criterias": "[]"
        },
        {
            "Engines": NaN,
            "HorsePowers": "98",
            "Volume": "60",
            "TypeName": "ZZ-R 600 (ZX600D)",
            "ArticleNumber": "C-9201",
            "Criterias": "[]"
        },
        {
            "Engines": NaN,
            "HorsePowers": "98",
            "Volume": "60",
            "TypeName": "ZZ-R 600 (ZX600E1-3)",
            "ArticleNumber": "C-9201",
            "Criterias": "[]"
        },
        {
            "Engines": NaN,
            "HorsePowers": "101",
            "Volume": "60",
            "TypeName": "ZZ-R 600 (ZX600E1-3)",
            "ArticleNumber": "C-9201",
            "Criterias": "[]"
        },
        {
            "Engines": NaN,
            "HorsePowers": "147",
            "Volume": "105",
            "TypeName": "ZZ-R 1100 (ZXT10C)",
            "ArticleNumber": "O-90010",
            "Criterias": "[]"
        },
        {
            "Engines": NaN,
            "HorsePowers": "41",
            "Volume": "25",
            "TypeName": "ZZ-R 250 (EX250H)",
            "ArticleNumber": "O-90010",
            "Criterias": "[]"
        },
        {
            "Engines": NaN,
            "HorsePowers": "152",
            "Volume": "116",
            "TypeName": "ZZ-R 1200 (ZXT20C)",
            "ArticleNumber": "O-90010",
            "Criterias": "[]"
        },
        {
            "Engines": NaN,
            "HorsePowers": "101",
            "Volume": "105",
            "TypeName": "ZZ-R 1100 (ZXT10D)",
            "ArticleNumber": "O-90010",
            "Criterias": "[]"
        },
        {
            "Engines": NaN,
            "HorsePowers": "98",
            "Volume": "105",
            "TypeName": "ZZ-R 1100 (ZXT10C)",
            "ArticleNumber": "O-90010",
            "Criterias": "[]"
        },
        {
            "Engines": NaN,
            "HorsePowers": "160",
            "Volume": "116",
            "TypeName": "ZZ-R 1200 (ZXT20C)",
            "ArticleNumber": "O-90010",
            "Criterias": "[]"
        },
        {
            "Engines": NaN,
            "HorsePowers": "98",
            "Volume": "116",
            "TypeName": "ZZ-R 1200 (ZXT20C)",
            "ArticleNumber": "O-90010",
            "Criterias": "[]"
        },
        {
            "Engines": NaN,
            "HorsePowers": "146",
            "Volume": "105",
            "TypeName": "ZZ-R 1100 CatCon. (ZXT10D/G)",
            "ArticleNumber": "O-90010",
            "Criterias": "[]"
        },
        {
            "Engines": NaN,
            "HorsePowers": "98",
            "Volume": "105",
            "TypeName": "ZZ-R 1100 CatCon. (ZXT10D/G)",
            "ArticleNumber": "O-90010",
            "Criterias": "[]"
        },
        {
            "Engines": NaN,
            "HorsePowers": "101",
            "Volume": "105",
            "TypeName": "ZZ-R 1100 (ZXT10C)",
            "ArticleNumber": "O-90010",
            "Criterias": "[]"
        },
        {
            "Engines": NaN,
            "HorsePowers": "98",
            "Volume": "105",
            "TypeName": "ZZ-R 1100 (ZXT10D)",
            "ArticleNumber": "O-90010",
            "Criterias": "[]"
        },
        {
            "Engines": NaN,
            "HorsePowers": "147",
            "Volume": "105",
            "TypeName": "ZZ-R 1100 (ZXT10C)",
            "ArticleNumber": "O-90011",
            "Criterias": "[]"
        },
        {
            "Engines": NaN,
            "HorsePowers": "41",
            "Volume": "25",
            "TypeName": "ZZ-R 250 (EX250H)",
            "ArticleNumber": "O-90011",
            "Criterias": "[]"
        },
        {
            "Engines": NaN,
            "HorsePowers": "152",
            "Volume": "116",
            "TypeName": "ZZ-R 1200 (ZXT20C)",
            "ArticleNumber": "O-90011",
            "Criterias": "[]"
        },
        {
            "Engines": NaN,
            "HorsePowers": "101",
            "Volume": "105",
            "TypeName": "ZZ-R 1100 (ZXT10D)",
            "ArticleNumber": "O-90011",
            "Criterias": "[]"
        },
        {
            "Engines": NaN,
            "HorsePowers": "98",
            "Volume": "105",
            "TypeName": "ZZ-R 1100 (ZXT10C)",
            "ArticleNumber": "O-90011",
            "Criterias": "[]"
        },
        {
            "Engines": NaN,
            "HorsePowers": "160",
            "Volume": "116",
            "TypeName": "ZZ-R 1200 (ZXT20C)",
            "ArticleNumber": "O-90011",
            "Criterias": "[]"
        },
        {
            "Engines": NaN,
            "HorsePowers": "98",
            "Volume": "116",
            "TypeName": "ZZ-R 1200 (ZXT20C)",
            "ArticleNumber": "O-90011",
            "Criterias": "[]"
        },
        {
            "Engines": NaN,
            "HorsePowers": "146",
            "Volume": "105",
            "TypeName": "ZZ-R 1100 CatCon. (ZXT10D/G)",
            "ArticleNumber": "O-90011",
            "Criterias": "[]"
        },
        {
            "Engines": NaN,
            "HorsePowers": "98",
            "Volume": "105",
            "TypeName": "ZZ-R 1100 CatCon. (ZXT10D/G)",
            "ArticleNumber": "O-90011",
            "Criterias": "[]"
        },
        {
            "Engines": NaN,
            "HorsePowers": "101",
            "Volume": "105",
            "TypeName": "ZZ-R 1100 (ZXT10C)",
            "ArticleNumber": "O-90011",
            "Criterias": "[]"
        },
        {
            "Engines": NaN,
            "HorsePowers": "98",
            "Volume": "105",
            "TypeName": "ZZ-R 1100 (ZXT10D)",
            "ArticleNumber": "O-90011",
            "Criterias": "[]"
        }
    ],
    "ER": [
        {
            "Engines": NaN,
            "HorsePowers": "72",
            "Volume": "65",
            "TypeName": "ER 6N ABS (ER650E)",
            "ArticleNumber": "C-1016",
            "Criterias": "[]"
        },
        {
            "Engines": NaN,
            "HorsePowers": "72",
            "Volume": "65",
            "TypeName": "ER 6F ABS (EX650E)",
            "ArticleNumber": "C-1016",
            "Criterias": "[]"
        },
        {
            "Engines": NaN,
            "HorsePowers": "72",
            "Volume": "65",
            "TypeName": "ER 6F ABS (EX650C)",
            "ArticleNumber": "C-1016",
            "Criterias": "[]"
        },
        {
            "Engines": NaN,
            "HorsePowers": "72",
            "Volume": "65",
            "TypeName": "ER 6N (ER650C)",
            "ArticleNumber": "C-1016",
            "Criterias": "[]"
        },
        {
            "Engines": NaN,
            "HorsePowers": "72",
            "Volume": "65",
            "TypeName": "ER 6F (EX650C)",
            "ArticleNumber": "C-1016",
            "Criterias": "[]"
        },
        {
            "Engines": NaN,
            "HorsePowers": "72",
            "Volume": "65",
            "TypeName": "ER 6F (EX650A)",
            "ArticleNumber": "C-1016",
            "Criterias": "[]"
        },
        {
            "Engines": NaN,
            "HorsePowers": "72",
            "Volume": "65",
            "TypeName": "ER 6N (ER650E)",
            "ArticleNumber": "C-1016",
            "Criterias": "[]"
        },
        {
            "Engines": NaN,
            "HorsePowers": "72",
            "Volume": "65",
            "TypeName": "ER 6N ABS (ER650A)",
            "ArticleNumber": "C-1016",
            "Criterias": "[]"
        },
        {
            "Engines": NaN,
            "HorsePowers": "72",
            "Volume": "65",
            "TypeName": "ER 6F (EX650E)",
            "ArticleNumber": "C-1016",
            "Criterias": "[]"
        },
        {
            "Engines": NaN,
            "HorsePowers": "72",
            "Volume": "65",
            "TypeName": "ER 6F ABS (EX650A)",
            "ArticleNumber": "C-1016",
            "Criterias": "[]"
        },
        {
            "Engines": NaN,
            "HorsePowers": "72",
            "Volume": "65",
            "TypeName": "ER 6N (ER650A)",
            "ArticleNumber": "C-1016",
            "Criterias": "[]"
        },
        {
            "Engines": NaN,
            "HorsePowers": "72",
            "Volume": "65",
            "TypeName": "ER 6N ABS (ER650E)",
            "ArticleNumber": "C-9201",
            "Criterias": "[]"
        },
        {
            "Engines": NaN,
            "HorsePowers": "72",
            "Volume": "65",
            "TypeName": "ER 6F ABS (EX650E)",
            "ArticleNumber": "C-9201",
            "Criterias": "[]"
        },
        {
            "Engines": NaN,
            "HorsePowers": "72",
            "Volume": "65",
            "TypeName": "ER 6F ABS (EX650C)",
            "ArticleNumber": "C-9201",
            "Criterias": "[]"
        },
        {
            "Engines": NaN,
            "HorsePowers": "72",
            "Volume": "65",
            "TypeName": "ER 6N (ER650C)",
            "ArticleNumber": "C-9201",
            "Criterias": "[]"
        },
        {
            "Engines": NaN,
            "HorsePowers": "72",
            "Volume": "65",
            "TypeName": "ER 6F (EX650C)",
            "ArticleNumber": "C-9201",
            "Criterias": "[]"
        },
        {
            "Engines": NaN,
            "HorsePowers": "72",
            "Volume": "65",
            "TypeName": "ER 6F (EX650A)",
            "ArticleNumber": "C-9201",
            "Criterias": "[]"
        },
        {
            "Engines": NaN,
            "HorsePowers": "72",
            "Volume": "65",
            "TypeName": "ER 6N (ER650E)",
            "ArticleNumber": "C-9201",
            "Criterias": "[]"
        },
        {
            "Engines": NaN,
            "HorsePowers": "72",
            "Volume": "65",
            "TypeName": "ER 6N ABS (ER650A)",
            "ArticleNumber": "C-9201",
            "Criterias": "[]"
        },
        {
            "Engines": NaN,
            "HorsePowers": "72",
            "Volume": "65",
            "TypeName": "ER 6F (EX650E)",
            "ArticleNumber": "C-9201",
            "Criterias": "[]"
        },
        {
            "Engines": NaN,
            "HorsePowers": "72",
            "Volume": "65",
            "TypeName": "ER 6F ABS (EX650A)",
            "ArticleNumber": "C-9201",
            "Criterias": "[]"
        },
        {
            "Engines": NaN,
            "HorsePowers": "72",
            "Volume": "65",
            "TypeName": "ER 6N (ER650A)",
            "ArticleNumber": "C-9201",
            "Criterias": "[]"
        }
    ],
    "GTR": [
        {
            "Engines": NaN,
            "HorsePowers": "155",
            "Volume": "135",
            "TypeName": "GTR 1400 (ZGT40E)",
            "ArticleNumber": "C-1016",
            "Criterias": "[]"
        },
        {
            "Engines": NaN,
            "HorsePowers": "155",
            "Volume": "135",
            "TypeName": "GTR 1400 (ZGT40A)",
            "ArticleNumber": "C-1016",
            "Criterias": "[]"
        },
        {
            "Engines": NaN,
            "HorsePowers": "155",
            "Volume": "135",
            "TypeName": "GTR 1400 (ZGT40C)",
            "ArticleNumber": "C-1016",
            "Criterias": "[]"
        },
        {
            "Engines": NaN,
            "HorsePowers": "155",
            "Volume": "135",
            "TypeName": "GTR 1400 Grand Tourer (ZGT40C)",
            "ArticleNumber": "C-1016",
            "Criterias": "[]"
        },
        {
            "Engines": NaN,
            "HorsePowers": "155",
            "Volume": "135",
            "TypeName": "GTR 1400 (ZGT40E)",
            "ArticleNumber": "C-9201",
            "Criterias": "[]"
        },
        {
            "Engines": NaN,
            "HorsePowers": "155",
            "Volume": "135",
            "TypeName": "GTR 1400 (ZGT40A)",
            "ArticleNumber": "C-9201",
            "Criterias": "[]"
        },
        {
            "Engines": NaN,
            "HorsePowers": "155",
            "Volume": "135",
            "TypeName": "GTR 1400 (ZGT40C)",
            "ArticleNumber": "C-9201",
            "Criterias": "[]"
        },
        {
            "Engines": NaN,
            "HorsePowers": "155",
            "Volume": "135",
            "TypeName": "GTR 1400 Grand Tourer (ZGT40C)",
            "ArticleNumber": "C-9201",
            "Criterias": "[]"
        }
    ],
    "Z (124cc - 899cc)": [
        {
            "Engines": NaN,
            "HorsePowers": "45",
            "Volume": "40",
            "TypeName": "Z 400 (ER400D)",
            "ArticleNumber": "C-1016",
            "Criterias": "[]"
        },
        {
            "Engines": NaN,
            "HorsePowers": "68",
            "Volume": "65",
            "TypeName": "Z 650 (ER650H, ER650K)",
            "ArticleNumber": "C-1016",
            "Criterias": "[]"
        },
        {
            "Engines": NaN,
            "HorsePowers": "45",
            "Volume": "40",
            "TypeName": "Z 400 (ER400D)",
            "ArticleNumber": "C-9201",
            "Criterias": "[]"
        },
        {
            "Engines": NaN,
            "HorsePowers": "68",
            "Volume": "65",
            "TypeName": "Z 650 (ER650H, ER650K)",
            "ArticleNumber": "C-9201",
            "Criterias": "[]"
        }
    ],
    "EN": [
        {
            "Engines": NaN,
            "HorsePowers": "50",
            "Volume": "50",
            "TypeName": "EN 500",
            "ArticleNumber": "C-1016",
            "Criterias": "[]"
        },
        {
            "Engines": NaN,
            "HorsePowers": "50",
            "Volume": "50",
            "TypeName": "EN 500",
            "ArticleNumber": "C-1016",
            "Criterias": "[]"
        },
        {
            "Engines": NaN,
            "HorsePowers": "50",
            "Volume": "50",
            "TypeName": "EN 500",
            "ArticleNumber": "C-9201",
            "Criterias": "[]"
        },
        {
            "Engines": NaN,
            "HorsePowers": "50",
            "Volume": "50",
            "TypeName": "EN 500",
            "ArticleNumber": "C-9201",
            "Criterias": "[]"
        }
    ],
    "W": [
        {
            "Engines": NaN,
            "HorsePowers": "48",
            "Volume": "77",
            "TypeName": "W 800 Final",
            "ArticleNumber": "C-1016",
            "Criterias": "[{\"attrId\": 0, \"key\": \"Модельный год от\", \"value\": \"2019\"}]"
        },
        {
            "Engines": NaN,
            "HorsePowers": "48",
            "Volume": "77",
            "TypeName": "W 800 Special Edition (EJ800A)",
            "ArticleNumber": "C-1016",
            "Criterias": "[]"
        },
        {
            "Engines": NaN,
            "HorsePowers": "48",
            "Volume": "77",
            "TypeName": "W 800 Cafe Style (EJ800A)",
            "ArticleNumber": "C-1016",
            "Criterias": "[]"
        },
        {
            "Engines": NaN,
            "HorsePowers": "50",
            "Volume": "68",
            "TypeName": "W 650 (EJ650A/B/C)",
            "ArticleNumber": "C-1016",
            "Criterias": "[{\"attrId\": 0, \"key\": \"Модельный год до\", \"value\": \"2002\"}, {\"attrId\": 1, \"key\": \"Модельный год от\", \"value\": \"2000\"}]"
        },
        {
            "Engines": NaN,
            "HorsePowers": "48",
            "Volume": "77",
            "TypeName": "W 800 (EJ800A)",
            "ArticleNumber": "C-1016",
            "Criterias": "[]"
        },
        {
            "Engines": NaN,
            "HorsePowers": "48",
            "Volume": "77",
            "TypeName": "W 800 Special Edition Cafe Style (EJ800A)",
            "ArticleNumber": "C-1016",
            "Criterias": "[]"
        },
        {
            "Engines": NaN,
            "HorsePowers": "48",
            "Volume": "77",
            "TypeName": "W 800 Final",
            "ArticleNumber": "C-9201",
            "Criterias": "[{\"attrId\": 0, \"key\": \"Модельный год от\", \"value\": \"2019\"}]"
        },
        {
            "Engines": NaN,
            "HorsePowers": "48",
            "Volume": "77",
            "TypeName": "W 800 Special Edition (EJ800A)",
            "ArticleNumber": "C-9201",
            "Criterias": "[]"
        },
        {
            "Engines": NaN,
            "HorsePowers": "48",
            "Volume": "77",
            "TypeName": "W 800 Cafe Style (EJ800A)",
            "ArticleNumber": "C-9201",
            "Criterias": "[]"
        },
        {
            "Engines": NaN,
            "HorsePowers": "50",
            "Volume": "68",
            "TypeName": "W 650 (EJ650A/B/C)",
            "ArticleNumber": "C-9201",
            "Criterias": "[{\"attrId\": 0, \"key\": \"Модельный год до\", \"value\": \"2002\"}, {\"attrId\": 1, \"key\": \"Модельный год от\", \"value\": \"2000\"}]"
        },
        {
            "Engines": NaN,
            "HorsePowers": "48",
            "Volume": "77",
            "TypeName": "W 800 (EJ800A)",
            "ArticleNumber": "C-9201",
            "Criterias": "[]"
        },
        {
            "Engines": NaN,
            "HorsePowers": "48",
            "Volume": "77",
            "TypeName": "W 800 Special Edition Cafe Style (EJ800A)",
            "ArticleNumber": "C-9201",
            "Criterias": "[]"
        }
    ],
    "NINJA (124cc - 600cc)": [
        {
            "Engines": NaN,
            "HorsePowers": "45",
            "Volume": "40",
            "TypeName": "Ninja 400 (EX400G)",
            "ArticleNumber": "C-1016",
            "Criterias": "[]"
        },
        {
            "Engines": NaN,
            "HorsePowers": "39",
            "Volume": "30",
            "TypeName": "Ninja 300 Performance (EX300A)",
            "ArticleNumber": "C-1016",
            "Criterias": "[]"
        },
        {
            "Engines": NaN,
            "HorsePowers": "39",
            "Volume": "30",
            "TypeName": "Ninja 300 (EX300A)",
            "ArticleNumber": "C-1016",
            "Criterias": "[]"
        },
        {
            "Engines": NaN,
            "HorsePowers": "45",
            "Volume": "40",
            "TypeName": "Ninja 400 (EX400G)",
            "ArticleNumber": "C-9201",
            "Criterias": "[]"
        },
        {
            "Engines": NaN,
            "HorsePowers": "39",
            "Volume": "30",
            "TypeName": "Ninja 300 Performance (EX300A)",
            "ArticleNumber": "C-9201",
            "Criterias": "[]"
        },
        {
            "Engines": NaN,
            "HorsePowers": "39",
            "Volume": "30",
            "TypeName": "Ninja 300 (EX300A)",
            "ArticleNumber": "C-9201",
            "Criterias": "[]"
        },
        {
            "Engines": NaN,
            "HorsePowers": "33",
            "Volume": "25",
            "TypeName": "Ninja 250 R (EX250K)",
            "ArticleNumber": "O-90010",
            "Criterias": "[]"
        },
        {
            "Engines": NaN,
            "HorsePowers": "33",
            "Volume": "25",
            "TypeName": "Ninja 250 R (EX250K)",
            "ArticleNumber": "O-90011",
            "Criterias": "[]"
        }
    ],
    "VN": [
        {
            "Engines": NaN,
            "HorsePowers": "60",
            "Volume": "75",
            "TypeName": "VN 750 (VN750A/D)",
            "ArticleNumber": "C-1016",
            "Criterias": "[]"
        },
        {
            "Engines": NaN,
            "HorsePowers": "56",
            "Volume": "80",
            "TypeName": "VN 800 (VN800A)",
            "ArticleNumber": "C-1016",
            "Criterias": "[]"
        },
        {
            "Engines": NaN,
            "HorsePowers": "50",
            "Volume": "80",
            "TypeName": "VN 800 (VN800A)",
            "ArticleNumber": "C-1016",
            "Criterias": "[]"
        },
        {
            "Engines": NaN,
            "HorsePowers": "50",
            "Volume": "90",
            "TypeName": "VN 900 Custom (VN900C)",
            "ArticleNumber": "C-1016",
            "Criterias": "[]"
        },
        {
            "Engines": NaN,
            "HorsePowers": "50",
            "Volume": "90",
            "TypeName": "VN 900 Classic Light Tourer (VN900B)",
            "ArticleNumber": "C-1016",
            "Criterias": "[]"
        },
        {
            "Engines": NaN,
            "HorsePowers": "50",
            "Volume": "90",
            "TypeName": "VN 900 Classic (VN900B)",
            "ArticleNumber": "C-1016",
            "Criterias": "[]"
        },
        {
            "Engines": NaN,
            "HorsePowers": "57",
            "Volume": "80",
            "TypeName": "VN 800 Drifter (VN800C)",
            "ArticleNumber": "C-1016",
            "Criterias": "[]"
        },
        {
            "Engines": NaN,
            "HorsePowers": "56",
            "Volume": "80",
            "TypeName": "VN 800 Classic (VN800A/B)",
            "ArticleNumber": "C-1016",
            "Criterias": "[]"
        },
        {
            "Engines": NaN,
            "HorsePowers": "50",
            "Volume": "80",
            "TypeName": "VN 800 Classic (VN800A/B)",
            "ArticleNumber": "C-1016",
            "Criterias": "[]"
        },
        {
            "Engines": NaN,
            "HorsePowers": "65",
            "Volume": "75",
            "TypeName": "VN 750 (VN750A/A)",
            "ArticleNumber": "C-1016",
            "Criterias": "[]"
        },
        {
            "Engines": NaN,
            "HorsePowers": "50",
            "Volume": "75",
            "TypeName": "VN 750 (VN750A/A)",
            "ArticleNumber": "C-1016",
            "Criterias": "[]"
        },
        {
            "Engines": NaN,
            "HorsePowers": "50",
            "Volume": "75",
            "TypeName": "VN 750 (VN750A/D)",
            "ArticleNumber": "C-1016",
            "Criterias": "[]"
        },
        {
            "Engines": NaN,
            "HorsePowers": "68",
            "Volume": "75",
            "TypeName": "VN 750 (VN750A/D)",
            "ArticleNumber": "C-1016",
            "Criterias": "[]"
        },
        {
            "Engines": NaN,
            "HorsePowers": "50",
            "Volume": "90",
            "TypeName": "VN 900 Classic Special Edition (VN900B)",
            "ArticleNumber": "C-1016",
            "Criterias": "[]"
        },
        {
            "Engines": NaN,
            "HorsePowers": "103",
            "Volume": "205",
            "TypeName": "VN 2000 (VNW00A)",
            "ArticleNumber": "C-1016",
            "Criterias": "[]"
        },
        {
            "Engines": NaN,
            "HorsePowers": "94",
            "Volume": "205",
            "TypeName": "VN 2000 Classic (VNW00H)",
            "ArticleNumber": "C-1016",
            "Criterias": "[]"
        },
        {
            "Engines": NaN,
            "HorsePowers": "75",
            "Volume": "170",
            "TypeName": "VN 1700 Classic (VNT70E)",
            "ArticleNumber": "C-1016",
            "Criterias": "[]"
        },
        {
            "Engines": NaN,
            "HorsePowers": "73",
            "Volume": "170",
            "TypeName": "VN 1700 Voyager (VNT70A)",
            "ArticleNumber": "C-1016",
            "Criterias": "[]"
        },
        {
            "Engines": NaN,
            "HorsePowers": "73",
            "Volume": "170",
            "TypeName": "VN 1700 Classic Tourer (VNT70C)",
            "ArticleNumber": "C-1016",
            "Criterias": "[]"
        },
        {
            "Engines": NaN,
            "HorsePowers": "73",
            "Volume": "170",
            "TypeName": "VN 1700 Voyager Custom (VNT70A/J)",
            "ArticleNumber": "C-1016",
            "Criterias": "[]"
        },
        {
            "Engines": NaN,
            "HorsePowers": "73",
            "Volume": "155",
            "TypeName": "VN 1600 Mean Streak (VNT60B)",
            "ArticleNumber": "C-1016",
            "Criterias": "[]"
        },
        {
            "Engines": NaN,
            "HorsePowers": "67",
            "Volume": "155",
            "TypeName": "VN 1600 Classic Tourer (VNT60A/T)",
            "ArticleNumber": "C-1016",
            "Criterias": "[]"
        },
        {
            "Engines": NaN,
            "HorsePowers": "67",
            "Volume": "155",
            "TypeName": "VN 1600 Classic (VNT60A)",
            "ArticleNumber": "C-1016",
            "Criterias": "[]"
        },
        {
            "Engines": NaN,
            "HorsePowers": "72",
            "Volume": "147",
            "TypeName": "VN 1500 Mean Streak (VNT50P)",
            "ArticleNumber": "C-1016",
            "Criterias": "[]"
        },
        {
            "Engines": NaN,
            "HorsePowers": "69",
            "Volume": "147",
            "TypeName": "VN 15 SE (VNT50B)",
            "ArticleNumber": "C-1016",
            "Criterias": "[]"
        },
        {
            "Engines": NaN,
            "HorsePowers": "69",
            "Volume": "147",
            "TypeName": "VN 15 (VNT50A)",
            "ArticleNumber": "C-1016",
            "Criterias": "[]"
        },
        {
            "Engines": NaN,
            "HorsePowers": "65",
            "Volume": "147",
            "TypeName": "VN 1500 Classic Tourer FI (VNT50G/H)",
            "ArticleNumber": "C-1016",
            "Criterias": "[]"
        },
        {
            "Engines": NaN,
            "HorsePowers": "65",
            "Volume": "147",
            "TypeName": "VN 1500 Classic FI (VNT50N)",
            "ArticleNumber": "C-1016",
            "Criterias": "[]"
        },
        {
            "Engines": NaN,
            "HorsePowers": "64",
            "Volume": "147",
            "TypeName": "VN 15 SE (VNT50B)",
            "ArticleNumber": "C-1016",
            "Criterias": "[]"
        },
        {
            "Engines": NaN,
            "HorsePowers": "64",
            "Volume": "147",
            "TypeName": "VN 15 (VNT50A)",
            "ArticleNumber": "C-1016",
            "Criterias": "[]"
        },
        {
            "Engines": NaN,
            "HorsePowers": "64",
            "Volume": "147",
            "TypeName": "VN 1500 Classic (VNT50D)",
            "ArticleNumber": "C-1016",
            "Criterias": "[]"
        },
        {
            "Engines": NaN,
            "HorsePowers": "64",
            "Volume": "147",
            "TypeName": "VN 1500 Classic (VNT50D)",
            "ArticleNumber": "C-1016",
            "Criterias": "[]"
        },
        {
            "Engines": NaN,
            "HorsePowers": "64",
            "Volume": "147",
            "TypeName": "VN 1500 Classic Tourer (VNT50G)",
            "ArticleNumber": "C-1016",
            "Criterias": "[]"
        },
        {
            "Engines": NaN,
            "HorsePowers": "75",
            "Volume": "170",
            "TypeName": "VN 1700 Classic Light Tourer (VNT70C)",
            "ArticleNumber": "C-1016",
            "Criterias": "[]"
        },
        {
            "Engines": NaN,
            "HorsePowers": "64",
            "Volume": "147",
            "TypeName": "VN 15 SE (VNT50B)",
            "ArticleNumber": "C-1016",
            "Criterias": "[]"
        },
        {
            "Engines": NaN,
            "HorsePowers": "69",
            "Volume": "147",
            "TypeName": "VN 15 SE (VNT50B)",
            "ArticleNumber": "C-1016",
            "Criterias": "[]"
        },
        {
            "Engines": NaN,
            "HorsePowers": "48",
            "Volume": "90",
            "TypeName": "VN 900 Classic Light Tourer (VN900B)",
            "ArticleNumber": "C-1016",
            "Criterias": "[]"
        },
        {
            "Engines": NaN,
            "HorsePowers": "48",
            "Volume": "90",
            "TypeName": "VN 900 Classic Special Edition (VN900B)",
            "ArticleNumber": "C-1016",
            "Criterias": "[]"
        },
        {
            "Engines": NaN,
            "HorsePowers": "48",
            "Volume": "90",
            "TypeName": "VN 900 Classic (VN900B)",
            "ArticleNumber": "C-1016",
            "Criterias": "[]"
        },
        {
            "Engines": NaN,
            "HorsePowers": "48",
            "Volume": "90",
            "TypeName": "VN 900 Custom (VN900C)",
            "ArticleNumber": "C-1016",
            "Criterias": "[]"
        },
        {
            "Engines": NaN,
            "HorsePowers": "60",
            "Volume": "75",
            "TypeName": "VN 750 (VN750A/D)",
            "ArticleNumber": "C-9201",
            "Criterias": "[]"
        },
        {
            "Engines": NaN,
            "HorsePowers": "56",
            "Volume": "80",
            "TypeName": "VN 800 (VN800A)",
            "ArticleNumber": "C-9201",
            "Criterias": "[]"
        },
        {
            "Engines": NaN,
            "HorsePowers": "50",
            "Volume": "80",
            "TypeName": "VN 800 (VN800A)",
            "ArticleNumber": "C-9201",
            "Criterias": "[]"
        },
        {
            "Engines": NaN,
            "HorsePowers": "50",
            "Volume": "90",
            "TypeName": "VN 900 Custom (VN900C)",
            "ArticleNumber": "C-9201",
            "Criterias": "[]"
        },
        {
            "Engines": NaN,
            "HorsePowers": "50",
            "Volume": "90",
            "TypeName": "VN 900 Classic Light Tourer (VN900B)",
            "ArticleNumber": "C-9201",
            "Criterias": "[]"
        },
        {
            "Engines": NaN,
            "HorsePowers": "50",
            "Volume": "90",
            "TypeName": "VN 900 Classic (VN900B)",
            "ArticleNumber": "C-9201",
            "Criterias": "[]"
        },
        {
            "Engines": NaN,
            "HorsePowers": "57",
            "Volume": "80",
            "TypeName": "VN 800 Drifter (VN800C)",
            "ArticleNumber": "C-9201",
            "Criterias": "[]"
        },
        {
            "Engines": NaN,
            "HorsePowers": "56",
            "Volume": "80",
            "TypeName": "VN 800 Classic (VN800A/B)",
            "ArticleNumber": "C-9201",
            "Criterias": "[]"
        },
        {
            "Engines": NaN,
            "HorsePowers": "50",
            "Volume": "80",
            "TypeName": "VN 800 Classic (VN800A/B)",
            "ArticleNumber": "C-9201",
            "Criterias": "[]"
        },
        {
            "Engines": NaN,
            "HorsePowers": "65",
            "Volume": "75",
            "TypeName": "VN 750 (VN750A/A)",
            "ArticleNumber": "C-9201",
            "Criterias": "[]"
        },
        {
            "Engines": NaN,
            "HorsePowers": "50",
            "Volume": "75",
            "TypeName": "VN 750 (VN750A/A)",
            "ArticleNumber": "C-9201",
            "Criterias": "[]"
        },
        {
            "Engines": NaN,
            "HorsePowers": "50",
            "Volume": "75",
            "TypeName": "VN 750 (VN750A/D)",
            "ArticleNumber": "C-9201",
            "Criterias": "[]"
        },
        {
            "Engines": NaN,
            "HorsePowers": "68",
            "Volume": "75",
            "TypeName": "VN 750 (VN750A/D)",
            "ArticleNumber": "C-9201",
            "Criterias": "[]"
        },
        {
            "Engines": NaN,
            "HorsePowers": "50",
            "Volume": "90",
            "TypeName": "VN 900 Classic Special Edition (VN900B)",
            "ArticleNumber": "C-9201",
            "Criterias": "[]"
        },
        {
            "Engines": NaN,
            "HorsePowers": "103",
            "Volume": "205",
            "TypeName": "VN 2000 (VNW00A)",
            "ArticleNumber": "C-9201",
            "Criterias": "[]"
        },
        {
            "Engines": NaN,
            "HorsePowers": "94",
            "Volume": "205",
            "TypeName": "VN 2000 Classic (VNW00H)",
            "ArticleNumber": "C-9201",
            "Criterias": "[]"
        },
        {
            "Engines": NaN,
            "HorsePowers": "75",
            "Volume": "170",
            "TypeName": "VN 1700 Classic (VNT70E)",
            "ArticleNumber": "C-9201",
            "Criterias": "[]"
        },
        {
            "Engines": NaN,
            "HorsePowers": "73",
            "Volume": "170",
            "TypeName": "VN 1700 Voyager (VNT70A)",
            "ArticleNumber": "C-9201",
            "Criterias": "[]"
        },
        {
            "Engines": NaN,
            "HorsePowers": "73",
            "Volume": "170",
            "TypeName": "VN 1700 Classic Tourer (VNT70C)",
            "ArticleNumber": "C-9201",
            "Criterias": "[]"
        },
        {
            "Engines": NaN,
            "HorsePowers": "73",
            "Volume": "170",
            "TypeName": "VN 1700 Voyager Custom (VNT70A/J)",
            "ArticleNumber": "C-9201",
            "Criterias": "[]"
        },
        {
            "Engines": NaN,
            "HorsePowers": "73",
            "Volume": "155",
            "TypeName": "VN 1600 Mean Streak (VNT60B)",
            "ArticleNumber": "C-9201",
            "Criterias": "[]"
        },
        {
            "Engines": NaN,
            "HorsePowers": "67",
            "Volume": "155",
            "TypeName": "VN 1600 Classic Tourer (VNT60A/T)",
            "ArticleNumber": "C-9201",
            "Criterias": "[]"
        },
        {
            "Engines": NaN,
            "HorsePowers": "67",
            "Volume": "155",
            "TypeName": "VN 1600 Classic (VNT60A)",
            "ArticleNumber": "C-9201",
            "Criterias": "[]"
        },
        {
            "Engines": NaN,
            "HorsePowers": "72",
            "Volume": "147",
            "TypeName": "VN 1500 Mean Streak (VNT50P)",
            "ArticleNumber": "C-9201",
            "Criterias": "[]"
        },
        {
            "Engines": NaN,
            "HorsePowers": "69",
            "Volume": "147",
            "TypeName": "VN 15 SE (VNT50B)",
            "ArticleNumber": "C-9201",
            "Criterias": "[]"
        },
        {
            "Engines": NaN,
            "HorsePowers": "69",
            "Volume": "147",
            "TypeName": "VN 15 (VNT50A)",
            "ArticleNumber": "C-9201",
            "Criterias": "[]"
        },
        {
            "Engines": NaN,
            "HorsePowers": "65",
            "Volume": "147",
            "TypeName": "VN 1500 Classic Tourer FI (VNT50G/H)",
            "ArticleNumber": "C-9201",
            "Criterias": "[]"
        },
        {
            "Engines": NaN,
            "HorsePowers": "65",
            "Volume": "147",
            "TypeName": "VN 1500 Classic FI (VNT50N)",
            "ArticleNumber": "C-9201",
            "Criterias": "[]"
        },
        {
            "Engines": NaN,
            "HorsePowers": "64",
            "Volume": "147",
            "TypeName": "VN 15 SE (VNT50B)",
            "ArticleNumber": "C-9201",
            "Criterias": "[]"
        },
        {
            "Engines": NaN,
            "HorsePowers": "64",
            "Volume": "147",
            "TypeName": "VN 15 (VNT50A)",
            "ArticleNumber": "C-9201",
            "Criterias": "[]"
        },
        {
            "Engines": NaN,
            "HorsePowers": "64",
            "Volume": "147",
            "TypeName": "VN 1500 Classic (VNT50D)",
            "ArticleNumber": "C-9201",
            "Criterias": "[]"
        },
        {
            "Engines": NaN,
            "HorsePowers": "64",
            "Volume": "147",
            "TypeName": "VN 1500 Classic (VNT50D)",
            "ArticleNumber": "C-9201",
            "Criterias": "[]"
        },
        {
            "Engines": NaN,
            "HorsePowers": "64",
            "Volume": "147",
            "TypeName": "VN 1500 Classic Tourer (VNT50G)",
            "ArticleNumber": "C-9201",
            "Criterias": "[]"
        },
        {
            "Engines": NaN,
            "HorsePowers": "75",
            "Volume": "170",
            "TypeName": "VN 1700 Classic Light Tourer (VNT70C)",
            "ArticleNumber": "C-9201",
            "Criterias": "[]"
        },
        {
            "Engines": NaN,
            "HorsePowers": "64",
            "Volume": "147",
            "TypeName": "VN 15 SE (VNT50B)",
            "ArticleNumber": "C-9201",
            "Criterias": "[]"
        },
        {
            "Engines": NaN,
            "HorsePowers": "69",
            "Volume": "147",
            "TypeName": "VN 15 SE (VNT50B)",
            "ArticleNumber": "C-9201",
            "Criterias": "[]"
        },
        {
            "Engines": NaN,
            "HorsePowers": "48",
            "Volume": "90",
            "TypeName": "VN 900 Classic Light Tourer (VN900B)",
            "ArticleNumber": "C-9201",
            "Criterias": "[]"
        },
        {
            "Engines": NaN,
            "HorsePowers": "48",
            "Volume": "90",
            "TypeName": "VN 900 Classic Special Edition (VN900B)",
            "ArticleNumber": "C-9201",
            "Criterias": "[]"
        },
        {
            "Engines": NaN,
            "HorsePowers": "48",
            "Volume": "90",
            "TypeName": "VN 900 Classic (VN900B)",
            "ArticleNumber": "C-9201",
            "Criterias": "[]"
        },
        {
            "Engines": NaN,
            "HorsePowers": "48",
            "Volume": "90",
            "TypeName": "VN 900 Custom (VN900C)",
            "ArticleNumber": "C-9201",
            "Criterias": "[]"
        }
    ],
    "KLV": [
        {
            "Engines": NaN,
            "HorsePowers": "98",
            "Volume": "100",
            "TypeName": "KLV 1000 (LV1000A)",
            "ArticleNumber": "C-9301",
            "Criterias": "[]"
        }
    ],
    "ZRX": [
        {
            "Engines": NaN,
            "HorsePowers": "122",
            "Volume": "116",
            "TypeName": "ZRX 1200 S (ZRT20A/A-B)",
            "ArticleNumber": "O-90010",
            "Criterias": "[]"
        },
        {
            "Engines": NaN,
            "HorsePowers": "98",
            "Volume": "116",
            "TypeName": "ZRX 1200 S (ZRT20A/A-B)",
            "ArticleNumber": "O-90010",
            "Criterias": "[]"
        },
        {
            "Engines": NaN,
            "HorsePowers": "106",
            "Volume": "105",
            "TypeName": "ZRX 1100 (ZRT10C)",
            "ArticleNumber": "O-90010",
            "Criterias": "[]"
        },
        {
            "Engines": NaN,
            "HorsePowers": "122",
            "Volume": "116",
            "TypeName": "ZRX 1200 R (ZRT20A/A-B)",
            "ArticleNumber": "O-90010",
            "Criterias": "[]"
        },
        {
            "Engines": NaN,
            "HorsePowers": "122",
            "Volume": "116",
            "TypeName": "ZRX 1200 S (ZRT20A/A-B)",
            "ArticleNumber": "O-90011",
            "Criterias": "[]"
        },
        {
            "Engines": NaN,
            "HorsePowers": "98",
            "Volume": "116",
            "TypeName": "ZRX 1200 S (ZRT20A/A-B)",
            "ArticleNumber": "O-90011",
            "Criterias": "[]"
        },
        {
            "Engines": NaN,
            "HorsePowers": "106",
            "Volume": "105",
            "TypeName": "ZRX 1100 (ZRT10C)",
            "ArticleNumber": "O-90011",
            "Criterias": "[]"
        },
        {
            "Engines": NaN,
            "HorsePowers": "122",
            "Volume": "116",
            "TypeName": "ZRX 1200 R (ZRT20A/A-B)",
            "ArticleNumber": "O-90011",
            "Criterias": "[]"
        }
    ],
    "ZR-7": [
        {
            "Engines": NaN,
            "HorsePowers": "76",
            "Volume": "74",
            "TypeName": "ZR 750 F (ZR750F1)",
            "ArticleNumber": "O-90010",
            "Criterias": "[]"
        },
        {
            "Engines": NaN,
            "HorsePowers": "76",
            "Volume": "74",
            "TypeName": "ZR 750 S (ZR750H1)",
            "ArticleNumber": "O-90010",
            "Criterias": "[]"
        },
        {
            "Engines": NaN,
            "HorsePowers": "76",
            "Volume": "74",
            "TypeName": "ZR 750 S (ZR750H3)",
            "ArticleNumber": "O-90010",
            "Criterias": "[]"
        },
        {
            "Engines": NaN,
            "HorsePowers": "76",
            "Volume": "74",
            "TypeName": "ZR 750 F (ZR750F5)",
            "ArticleNumber": "O-90010",
            "Criterias": "[]"
        },
        {
            "Engines": NaN,
            "HorsePowers": "76",
            "Volume": "74",
            "TypeName": "ZR 750 F (ZR750F3)",
            "ArticleNumber": "O-90010",
            "Criterias": "[]"
        },
        {
            "Engines": NaN,
            "HorsePowers": "76",
            "Volume": "74",
            "TypeName": "ZR 750 F (ZR750F1)",
            "ArticleNumber": "O-90011",
            "Criterias": "[]"
        },
        {
            "Engines": NaN,
            "HorsePowers": "76",
            "Volume": "74",
            "TypeName": "ZR 750 S (ZR750H1)",
            "ArticleNumber": "O-90011",
            "Criterias": "[]"
        },
        {
            "Engines": NaN,
            "HorsePowers": "76",
            "Volume": "74",
            "TypeName": "ZR 750 S (ZR750H3)",
            "ArticleNumber": "O-90011",
            "Criterias": "[]"
        },
        {
            "Engines": NaN,
            "HorsePowers": "76",
            "Volume": "74",
            "TypeName": "ZR 750 F (ZR750F5)",
            "ArticleNumber": "O-90011",
            "Criterias": "[]"
        },
        {
            "Engines": NaN,
            "HorsePowers": "76",
            "Volume": "74",
            "TypeName": "ZR 750 F (ZR750F3)",
            "ArticleNumber": "O-90011",
            "Criterias": "[]"
        }
    ],
    "EL": [
        {
            "Engines": NaN,
            "HorsePowers": "30",
            "Volume": "25",
            "TypeName": "EL 252 (EL250B)",
            "ArticleNumber": "O-90010",
            "Criterias": "[]"
        },
        {
            "Engines": NaN,
            "HorsePowers": "33",
            "Volume": "25",
            "TypeName": "EL 250 (EL250B)",
            "ArticleNumber": "O-90010",
            "Criterias": "[]"
        },
        {
            "Engines": NaN,
            "HorsePowers": "30",
            "Volume": "25",
            "TypeName": "EL 252 (EL250B)",
            "ArticleNumber": "O-90011",
            "Criterias": "[]"
        },
        {
            "Engines": NaN,
            "HorsePowers": "33",
            "Volume": "25",
            "TypeName": "EL 250 (EL250B)",
            "ArticleNumber": "O-90011",
            "Criterias": "[]"
        }
    ],
    "ZX": [
        {
            "Engines": NaN,
            "HorsePowers": "101",
            "Volume": "99",
            "TypeName": "ZX 10 (ZXT00B)",
            "ArticleNumber": "O-90010",
            "Criterias": "[]"
        },
        {
            "Engines": NaN,
            "HorsePowers": "101",
            "Volume": "99",
            "TypeName": "ZX 10 (ZXT00B)",
            "ArticleNumber": "O-90011",
            "Criterias": "[]"
        }
    ],
    "GPX": [
        {
            "Engines": NaN,
            "HorsePowers": "101",
            "Volume": "74",
            "TypeName": "GPX 750 R (ZX750F)",
            "ArticleNumber": "O-90010",
            "Criterias": "[]"
        },
        {
            "Engines": NaN,
            "HorsePowers": "86",
            "Volume": "59",
            "TypeName": "GPX 600 R (ZX600C1-3)",
            "ArticleNumber": "O-90010",
            "Criterias": "[]"
        },
        {
            "Engines": NaN,
            "HorsePowers": "78",
            "Volume": "59",
            "TypeName": "GPX 600 R (ZX600C6-10)",
            "ArticleNumber": "O-90010",
            "Criterias": "[]"
        },
        {
            "Engines": NaN,
            "HorsePowers": "101",
            "Volume": "74",
            "TypeName": "GPX 750 R (ZX750F)",
            "ArticleNumber": "O-90011",
            "Criterias": "[]"
        },
        {
            "Engines": NaN,
            "HorsePowers": "86",
            "Volume": "59",
            "TypeName": "GPX 600 R (ZX600C1-3)",
            "ArticleNumber": "O-90011",
            "Criterias": "[]"
        },
        {
            "Engines": NaN,
            "HorsePowers": "78",
            "Volume": "59",
            "TypeName": "GPX 600 R (ZX600C6-10)",
            "ArticleNumber": "O-90011",
            "Criterias": "[]"
        }
    ],
    "ELIMINATOR": [
        {
            "Engines": NaN,
            "HorsePowers": "61",
            "Volume": "59",
            "TypeName": "Eliminator 600 (ZL600B)",
            "ArticleNumber": "O-90010",
            "Criterias": "[{\"attrId\": 0, \"key\": \"Модельный год до\", \"value\": \"1997\"}, {\"attrId\": 1, \"key\": \"Модельный год от\", \"value\": \"1996\"}]"
        },
        {
            "Engines": NaN,
            "HorsePowers": "101",
            "Volume": "99",
            "TypeName": "Eliminator 1000 (ZLT00A)",
            "ArticleNumber": "O-90010",
            "Criterias": "[]"
        },
        {
            "Engines": NaN,
            "HorsePowers": "61",
            "Volume": "59",
            "TypeName": "Eliminator 600 (ZL600B)",
            "ArticleNumber": "O-90011",
            "Criterias": "[{\"attrId\": 0, \"key\": \"Модельный год до\", \"value\": \"1997\"}, {\"attrId\": 1, \"key\": \"Модельный год от\", \"value\": \"1996\"}]"
        },
        {
            "Engines": NaN,
            "HorsePowers": "101",
            "Volume": "99",
            "TypeName": "Eliminator 1000 (ZLT00A)",
            "ArticleNumber": "O-90011",
            "Criterias": "[]"
        }
    ],
    "GPZ": [
        {
            "Engines": NaN,
            "HorsePowers": "101",
            "Volume": "91",
            "TypeName": "GPZ 900 R (ZX900A/1-6)",
            "ArticleNumber": "O-90010",
            "Criterias": "[{\"attrId\": 0, \"key\": \"Модельный год от\", \"value\": \"1986\"}]"
        },
        {
            "Engines": NaN,
            "HorsePowers": "101",
            "Volume": "91",
            "TypeName": "GPZ 900 R",
            "ArticleNumber": "O-90010",
            "Criterias": "[{\"attrId\": 0, \"key\": \"Модельный год до\", \"value\": \"1993\"}]"
        },
        {
            "Engines": NaN,
            "HorsePowers": "101",
            "Volume": "91",
            "TypeName": "GPZ 900 R (ZX900A/1-6)",
            "ArticleNumber": "O-90011",
            "Criterias": "[{\"attrId\": 0, \"key\": \"Модельный год от\", \"value\": \"1986\"}]"
        },
        {
            "Engines": NaN,
            "HorsePowers": "101",
            "Volume": "91",
            "TypeName": "GPZ 900 R",
            "ArticleNumber": "O-90011",
            "Criterias": "[{\"attrId\": 0, \"key\": \"Модельный год до\", \"value\": \"1993\"}]"
        }
    ]
}