{
    "URUS": [
        {
            "Engines": "DHU",
            "HorsePowers": "650",
            "Volume": "400",
            "TypeName": "4.0 Привод на все колеса",
            "ArticleNumber": "CAB-31120",
            "Criterias": "[]"
        },
        {
            "Engines": "DHU",
            "HorsePowers": "650",
            "Volume": "400",
            "TypeName": "4.0 Привод на все колеса",
            "ArticleNumber": "CA-31120",
            "Criterias": "[]"
        },
        {
            "Engines": "DHU",
            "HorsePowers": "650",
            "Volume": "400",
            "TypeName": "4.0 Привод на все колеса",
            "ArticleNumber": "CAC-31120",
            "Criterias": "[]"
        },
        {
            "Engines": "DHU",
            "HorsePowers": "650",
            "Volume": "400",
            "TypeName": "4.0 Привод на все колеса",
            "ArticleNumber": "EO-31130",
            "Criterias": "[]"
        }
    ]
}