{
    "X70": [
        {
            "Engines": "LF483Q",
            "HorsePowers": "136",
            "Volume": "200",
            "TypeName": "2.0 VVT (LF7201)",
            "ArticleNumber": "C-1109",
            "Criterias": "[]"
        }
    ],
    "X50": [
        {
            "Engines": "LF479Q2-B",
            "HorsePowers": "103",
            "Volume": "150",
            "TypeName": "1.5",
            "ArticleNumber": "C-1109",
            "Criterias": "[]"
        }
    ],
    "620 | SOLANO": [
        {
            "Engines": "LFB479Q",
            "HorsePowers": "125",
            "Volume": "180",
            "TypeName": "1.8",
            "ArticleNumber": "C-1109",
            "Criterias": "[]"
        },
        {
            "Engines": "LF481Q3",
            "HorsePowers": "106",
            "Volume": "160",
            "TypeName": "1.6",
            "ArticleNumber": "C-1109",
            "Criterias": "[]"
        }
    ],
    "X60": [
        {
            "Engines": "LFB479Q",
            "HorsePowers": "128",
            "Volume": "180",
            "TypeName": "1.8 i",
            "ArticleNumber": "C-1109",
            "Criterias": "[]"
        },
        {
            "Engines": "LFB479Q",
            "HorsePowers": "128",
            "Volume": "180",
            "TypeName": "1.8 i",
            "ArticleNumber": "A-38440",
            "Criterias": "[{\"attrId\": 0, \"key\": \"Дата производства до\", \"value\": \"09.2016\"}]"
        }
    ]
}