{
    "U7": [
        {
            "Engines": "G22T",
            "HorsePowers": "178",
            "Volume": "220",
            "TypeName": "2.2 T",
            "ArticleNumber": "A-61390",
            "Criterias": "[]"
        },
        {
            "Engines": "G22T",
            "HorsePowers": "178",
            "Volume": "220",
            "TypeName": "2.2 T 4WD",
            "ArticleNumber": "A-61390",
            "Criterias": "[]"
        },
        {
            "Engines": "G22T",
            "HorsePowers": "175",
            "Volume": "220",
            "TypeName": "2.2 T",
            "ArticleNumber": "A-61390",
            "Criterias": "[]"
        }
    ]
}