{
    "LEVANTE SUV (M161)": [
        {
            "Engines": "B630WM",
            "HorsePowers": "275",
            "Volume": "300",
            "TypeName": "3.0 D Q4",
            "ArticleNumber": "F-22130",
            "Criterias": "[]"
        },
        {
            "Engines": "B630WM",
            "HorsePowers": "250",
            "Volume": "300",
            "TypeName": "3.0 D Q4",
            "ArticleNumber": "F-22130",
            "Criterias": "[]"
        },
        {
            "Engines": "B630WM",
            "HorsePowers": "275",
            "Volume": "300",
            "TypeName": "3.0 D Q4",
            "ArticleNumber": "EO-66060",
            "Criterias": "[]"
        },
        {
            "Engines": "B630WM",
            "HorsePowers": "250",
            "Volume": "300",
            "TypeName": "3.0 D Q4",
            "ArticleNumber": "EO-66060",
            "Criterias": "[]"
        }
    ]
}