{
    "TEANA (J32Z)": [
        {
            "Engines": "VQ25DE",
            "HorsePowers": "185",
            "Volume": "250",
            "TypeName": "2.5",
            "ArticleNumber": "CAB-18340",
            "Criterias": "[]"
        },
        {
            "Engines": "VQ25DE",
            "HorsePowers": "185",
            "Volume": "250",
            "TypeName": "2.5",
            "ArticleNumber": "CA-18340",
            "Criterias": "[]"
        },
        {
            "Engines": "VQ25DE",
            "HorsePowers": "185",
            "Volume": "250",
            "TypeName": "2.5",
            "ArticleNumber": "CAC-18340",
            "Criterias": "[]"
        },
        {
            "Engines": "VQ25DE",
            "HorsePowers": "185",
            "Volume": "250",
            "TypeName": "2.5",
            "ArticleNumber": "C-1823",
            "Criterias": "[]"
        },
        {
            "Engines": "VQ25DE",
            "HorsePowers": "185",
            "Volume": "250",
            "TypeName": "2.5",
            "ArticleNumber": "AR-18181",
            "Criterias": "[]"
        },
        {
            "Engines": "VQ25DE",
            "HorsePowers": "185",
            "Volume": "250",
            "TypeName": "2.5",
            "ArticleNumber": "3341-8501",
            "Criterias": "[]"
        },
        {
            "Engines": "VQ25DE",
            "HorsePowers": "185",
            "Volume": "250",
            "TypeName": "2.5",
            "ArticleNumber": "A-1818",
            "Criterias": "[]"
        }
    ],
    "TEANA (J31)": [
        {
            "Engines": "VQ 23 DE",
            "HorsePowers": "173",
            "Volume": "230",
            "TypeName": "2.3",
            "ArticleNumber": "3341-1068",
            "Criterias": "[]"
        },
        {
            "Engines": "VQ35DE",
            "HorsePowers": "245",
            "Volume": "350",
            "TypeName": "3.5",
            "ArticleNumber": "3341-1068",
            "Criterias": "[]"
        },
        {
            "Engines": "VQ 23 DE",
            "HorsePowers": "173",
            "Volume": "230",
            "TypeName": "2.3",
            "ArticleNumber": "3341-1069",
            "Criterias": "[]"
        },
        {
            "Engines": "VQ35DE",
            "HorsePowers": "245",
            "Volume": "350",
            "TypeName": "3.5",
            "ArticleNumber": "3341-1069",
            "Criterias": "[]"
        },
        {
            "Engines": "MR20DE,QR 20 DE",
            "HorsePowers": "134",
            "Volume": "200",
            "TypeName": "2.0",
            "ArticleNumber": "3341-1055",
            "Criterias": "[]"
        }
    ]
}