{
    "VIBE универсал": [
        {
            "Engines": "LAX",
            "HorsePowers": "155",
            "Volume": "240",
            "TypeName": "2.4",
            "ArticleNumber": "CAB-1114",
            "Criterias": "[]"
        },
        {
            "Engines": "LAY",
            "HorsePowers": "133",
            "Volume": "180",
            "TypeName": "1.8",
            "ArticleNumber": "CAB-1114",
            "Criterias": "[]"
        },
        {
            "Engines": "1ZZ-FE",
            "HorsePowers": "132",
            "Volume": "180",
            "TypeName": "1.8",
            "ArticleNumber": "CAB-36010",
            "Criterias": "[]"
        },
        {
            "Engines": "LAX",
            "HorsePowers": "155",
            "Volume": "240",
            "TypeName": "2.4",
            "ArticleNumber": "CAC-1114",
            "Criterias": "[]"
        },
        {
            "Engines": "LAY",
            "HorsePowers": "133",
            "Volume": "180",
            "TypeName": "1.8",
            "ArticleNumber": "CAC-1114",
            "Criterias": "[]"
        },
        {
            "Engines": "1ZZ-FE",
            "HorsePowers": "132",
            "Volume": "180",
            "TypeName": "1.8",
            "ArticleNumber": "CA-36010",
            "Criterias": "[]"
        },
        {
            "Engines": "LAY",
            "HorsePowers": "133",
            "Volume": "180",
            "TypeName": "1.8",
            "ArticleNumber": "EO-11050",
            "Criterias": "[]"
        },
        {
            "Engines": "1ZZ-FE",
            "HorsePowers": "132",
            "Volume": "180",
            "TypeName": "1.8",
            "ArticleNumber": "CAC-36010",
            "Criterias": "[]"
        },
        {
            "Engines": "1ZZ-FE",
            "HorsePowers": "132",
            "Volume": "180",
            "TypeName": "1.8",
            "ArticleNumber": "AR-11800",
            "Criterias": "[]"
        },
        {
            "Engines": "LAY",
            "HorsePowers": "133",
            "Volume": "180",
            "TypeName": "1.8",
            "ArticleNumber": "AR-33920",
            "Criterias": "[]"
        },
        {
            "Engines": "1ZZ-FE",
            "HorsePowers": "132",
            "Volume": "180",
            "TypeName": "1.8",
            "ArticleNumber": "C-1109",
            "Criterias": "[]"
        },
        {
            "Engines": "LAX",
            "HorsePowers": "155",
            "Volume": "240",
            "TypeName": "2.4",
            "ArticleNumber": "C-1113",
            "Criterias": "[]"
        },
        {
            "Engines": "LAX",
            "HorsePowers": "155",
            "Volume": "240",
            "TypeName": "2.4",
            "ArticleNumber": "CA-1114",
            "Criterias": "[]"
        },
        {
            "Engines": "LAY",
            "HorsePowers": "133",
            "Volume": "180",
            "TypeName": "1.8",
            "ArticleNumber": "CA-1114",
            "Criterias": "[]"
        },
        {
            "Engines": "1ZZ-FE",
            "HorsePowers": "132",
            "Volume": "180",
            "TypeName": "1.8",
            "ArticleNumber": "FS-1149",
            "Criterias": "[{\"attrId\": 0, \"key\": \"Модельный год до\", \"value\": \"2004\"}]"
        },
        {
            "Engines": "1ZZ-FE",
            "HorsePowers": "132",
            "Volume": "180",
            "TypeName": "1.8",
            "ArticleNumber": "3461-1023",
            "Criterias": "[]"
        },
        {
            "Engines": "1ZZ-FE",
            "HorsePowers": "132",
            "Volume": "180",
            "TypeName": "1.8",
            "ArticleNumber": "4462-1011",
            "Criterias": "[]"
        },
        {
            "Engines": "1ZZ-FE",
            "HorsePowers": "132",
            "Volume": "180",
            "TypeName": "1.8",
            "ArticleNumber": "A-1180",
            "Criterias": "[]"
        },
        {
            "Engines": "1ZZ-FE",
            "HorsePowers": "132",
            "Volume": "180",
            "TypeName": "1.8",
            "ArticleNumber": "4461-1011",
            "Criterias": "[]"
        },
        {
            "Engines": "LAY",
            "HorsePowers": "133",
            "Volume": "180",
            "TypeName": "1.8",
            "ArticleNumber": "A-3301",
            "Criterias": "[]"
        },
        {
            "Engines": "LAX",
            "HorsePowers": "155",
            "Volume": "240",
            "TypeName": "2.4",
            "ArticleNumber": "A-3306",
            "Criterias": "[]"
        }
    ],
    "TRANS SPORT (UM06)": [
        {
            "Engines": "LG6",
            "HorsePowers": "122",
            "Volume": "310",
            "TypeName": "3.1",
            "ArticleNumber": "C-1514",
            "Criterias": "[{\"attrId\": 0, \"key\": \"Модельный год от\", \"value\": \"1993\"}]"
        },
        {
            "Engines": "L27",
            "HorsePowers": "172",
            "Volume": "380",
            "TypeName": "3.8",
            "ArticleNumber": "C-1514",
            "Criterias": "[]"
        },
        {
            "Engines": "L27",
            "HorsePowers": "167",
            "Volume": "380",
            "TypeName": "3.8",
            "ArticleNumber": "C-1514",
            "Criterias": "[]"
        },
        {
            "Engines": "L27",
            "HorsePowers": "152",
            "Volume": "380",
            "TypeName": "3.8",
            "ArticleNumber": "C-1514",
            "Criterias": "[]"
        },
        {
            "Engines": "LG6",
            "HorsePowers": "122",
            "Volume": "310",
            "TypeName": "3.1",
            "ArticleNumber": "C-6524",
            "Criterias": "[{\"attrId\": 0, \"key\": \"Модельный год до\", \"value\": \"1992\"}]"
        },
        {
            "Engines": "L27",
            "HorsePowers": "172",
            "Volume": "380",
            "TypeName": "3.8",
            "ArticleNumber": "A-6505",
            "Criterias": "[]"
        },
        {
            "Engines": "L27",
            "HorsePowers": "167",
            "Volume": "380",
            "TypeName": "3.8",
            "ArticleNumber": "A-6505",
            "Criterias": "[]"
        },
        {
            "Engines": "L27",
            "HorsePowers": "152",
            "Volume": "380",
            "TypeName": "3.8",
            "ArticleNumber": "A-6505",
            "Criterias": "[]"
        },
        {
            "Engines": "LG6",
            "HorsePowers": "122",
            "Volume": "310",
            "TypeName": "3.1",
            "ArticleNumber": "A-1860",
            "Criterias": "[]"
        }
    ],
    "AZTEK": [
        {
            "Engines": "LA1",
            "HorsePowers": "188",
            "Volume": "340",
            "TypeName": "3.4",
            "ArticleNumber": "3571-1007",
            "Criterias": "[]"
        }
    ]
}