{
    "GENTRA": [
        {
            "Engines": "B15D2",
            "HorsePowers": "107",
            "Volume": "150",
            "TypeName": "1.5",
            "ArticleNumber": "CA-65170",
            "Criterias": "[]"
        },
        {
            "Engines": "B15D2",
            "HorsePowers": "107",
            "Volume": "150",
            "TypeName": "1.5",
            "ArticleNumber": "CAC-65170",
            "Criterias": "[]"
        },
        {
            "Engines": "B15D2",
            "HorsePowers": "107",
            "Volume": "150",
            "TypeName": "1.5",
            "ArticleNumber": "C-65400",
            "Criterias": "[]"
        },
        {
            "Engines": "B15D2",
            "HorsePowers": "107",
            "Volume": "150",
            "TypeName": "1.5",
            "ArticleNumber": "FS-8901",
            "Criterias": "[]"
        },
        {
            "Engines": "B15D2",
            "HorsePowers": "107",
            "Volume": "150",
            "TypeName": "1.5",
            "ArticleNumber": "A-8903",
            "Criterias": "[]"
        }
    ],
    "R4": [
        {
            "Engines": "L2C",
            "HorsePowers": "106",
            "Volume": "150",
            "TypeName": "1.5",
            "ArticleNumber": "CA-65210",
            "Criterias": "[]"
        },
        {
            "Engines": "L2C",
            "HorsePowers": "106",
            "Volume": "150",
            "TypeName": "1.5",
            "ArticleNumber": "CAB-65210",
            "Criterias": "[]"
        },
        {
            "Engines": "L2C",
            "HorsePowers": "106",
            "Volume": "150",
            "TypeName": "1.5",
            "ArticleNumber": "CAC-65210",
            "Criterias": "[]"
        },
        {
            "Engines": "L2C",
            "HorsePowers": "106",
            "Volume": "150",
            "TypeName": "1.5",
            "ArticleNumber": "C-65400",
            "Criterias": "[]"
        },
        {
            "Engines": "L2C",
            "HorsePowers": "106",
            "Volume": "150",
            "TypeName": "1.5",
            "ArticleNumber": "A-65490",
            "Criterias": "[]"
        }
    ],
    "R2": [
        {
            "Engines": NaN,
            "HorsePowers": "86",
            "Volume": "120",
            "TypeName": "1.2",
            "ArticleNumber": "CA-65210",
            "Criterias": "[]"
        },
        {
            "Engines": NaN,
            "HorsePowers": "86",
            "Volume": "120",
            "TypeName": "1.2",
            "ArticleNumber": "CAB-65210",
            "Criterias": "[]"
        },
        {
            "Engines": NaN,
            "HorsePowers": "86",
            "Volume": "120",
            "TypeName": "1.2",
            "ArticleNumber": "CAC-65210",
            "Criterias": "[]"
        },
        {
            "Engines": NaN,
            "HorsePowers": "86",
            "Volume": "120",
            "TypeName": "1.2",
            "ArticleNumber": "C-65400",
            "Criterias": "[]"
        }
    ],
    "NEXIA": [
        {
            "Engines": "B15D2",
            "HorsePowers": "106",
            "Volume": "150",
            "TypeName": "1.5",
            "ArticleNumber": "CA-65320",
            "Criterias": "[]"
        },
        {
            "Engines": "B15D2",
            "HorsePowers": "106",
            "Volume": "150",
            "TypeName": "1.5",
            "ArticleNumber": "C-1514",
            "Criterias": "[]"
        },
        {
            "Engines": "B15D2",
            "HorsePowers": "106",
            "Volume": "150",
            "TypeName": "1.5",
            "ArticleNumber": "FS-8903",
            "Criterias": "[]"
        },
        {
            "Engines": "B15D2",
            "HorsePowers": "106",
            "Volume": "150",
            "TypeName": "1.5",
            "ArticleNumber": "A-8902",
            "Criterias": "[]"
        }
    ]
}