{
    "400 Tourer (XW)": [
        {
            "Engines": "XUD 7TE",
            "HorsePowers": "88",
            "Volume": "180",
            "TypeName": "1.8 TD",
            "ArticleNumber": "C-21990",
            "Criterias": "[]"
        },
        {
            "Engines": "XUD 7TE",
            "HorsePowers": "88",
            "Volume": "180",
            "TypeName": "1.8 TD",
            "ArticleNumber": "FC-5101",
            "Criterias": "[]"
        }
    ],
    "400 II (XW)": [
        {
            "Engines": "XUD 7TE",
            "HorsePowers": "88",
            "Volume": "180",
            "TypeName": "418 TD",
            "ArticleNumber": "C-21990",
            "Criterias": "[]"
        },
        {
            "Engines": "XUD9",
            "HorsePowers": "67",
            "Volume": "190",
            "TypeName": "418 D",
            "ArticleNumber": "C-21990",
            "Criterias": "[]"
        },
        {
            "Engines": "XUD 7TE",
            "HorsePowers": "88",
            "Volume": "180",
            "TypeName": "418 TD",
            "ArticleNumber": "FC-5101",
            "Criterias": "[]"
        },
        {
            "Engines": "XUD9",
            "HorsePowers": "67",
            "Volume": "190",
            "TypeName": "418 D",
            "ArticleNumber": "FC-5101",
            "Criterias": "[]"
        }
    ],
    "200 II Хэтчбэк (XW)": [
        {
            "Engines": "XUD 7TE",
            "HorsePowers": "88",
            "Volume": "180",
            "TypeName": "218 TD",
            "ArticleNumber": "C-21990",
            "Criterias": "[]"
        },
        {
            "Engines": "XUD 7TE",
            "HorsePowers": "88",
            "Volume": "180",
            "TypeName": "218 TD",
            "ArticleNumber": "FC-5101",
            "Criterias": "[]"
        }
    ]
}