{
    "9-3 Кабриолет (YS3F)": [
        {
            "Engines": "B284R",
            "HorsePowers": "280",
            "Volume": "280",
            "TypeName": "2.8 Turbo V6",
            "ArticleNumber": "CA-6516",
            "Criterias": "[]"
        },
        {
            "Engines": "Z 18 XE",
            "HorsePowers": "122",
            "Volume": "180",
            "TypeName": "1.8 i",
            "ArticleNumber": "CA-6516",
            "Criterias": "[]"
        },
        {
            "Engines": "B284R",
            "HorsePowers": "276",
            "Volume": "280",
            "TypeName": "2.8 Turbo V6",
            "ArticleNumber": "CA-6516",
            "Criterias": "[]"
        },
        {
            "Engines": "B207L",
            "HorsePowers": "175",
            "Volume": "200",
            "TypeName": "2.0 t BioPower",
            "ArticleNumber": "CA-6516",
            "Criterias": "[]"
        },
        {
            "Engines": "B284L",
            "HorsePowers": "256",
            "Volume": "280",
            "TypeName": "2.8 Turbo V6",
            "ArticleNumber": "CA-6516",
            "Criterias": "[]"
        },
        {
            "Engines": "LP9",
            "HorsePowers": "230",
            "Volume": "280",
            "TypeName": "2.8 Turbo V6",
            "ArticleNumber": "CA-6516",
            "Criterias": "[]"
        },
        {
            "Engines": "B207E",
            "HorsePowers": "150",
            "Volume": "200",
            "TypeName": "1,8t",
            "ArticleNumber": "CA-6516",
            "Criterias": "[]"
        },
        {
            "Engines": "Z 19 DTH",
            "HorsePowers": "150",
            "Volume": "190",
            "TypeName": "1.9 TiD",
            "ArticleNumber": "CA-6516",
            "Criterias": "[]"
        },
        {
            "Engines": "LP9",
            "HorsePowers": "250",
            "Volume": "280",
            "TypeName": "2.8 Turbo V6",
            "ArticleNumber": "CA-6516",
            "Criterias": "[]"
        },
        {
            "Engines": "B207L",
            "HorsePowers": "175",
            "Volume": "200",
            "TypeName": "2.0 t",
            "ArticleNumber": "CA-6516",
            "Criterias": "[]"
        },
        {
            "Engines": "B207R",
            "HorsePowers": "210",
            "Volume": "200",
            "TypeName": "2.0 t",
            "ArticleNumber": "CA-6516",
            "Criterias": "[]"
        },
        {
            "Engines": "Z 19 DTH",
            "HorsePowers": "150",
            "Volume": "190",
            "TypeName": "1.9 TiD",
            "ArticleNumber": "EO-23030",
            "Criterias": "[]"
        },
        {
            "Engines": "Z 19 DTH",
            "HorsePowers": "150",
            "Volume": "190",
            "TypeName": "1.9 TiD",
            "ArticleNumber": "EF-21010",
            "Criterias": "[{\"attrId\": 0, \"key\": \"Дата производства до\", \"value\": \"05/05\"}]"
        },
        {
            "Engines": "Z 19 DTH",
            "HorsePowers": "150",
            "Volume": "190",
            "TypeName": "1.9 TiD",
            "ArticleNumber": "EF-65010",
            "Criterias": "[{\"attrId\": 0, \"key\": \"Дата производства от\", \"value\": \"10/09\"}]"
        },
        {
            "Engines": "B207L",
            "HorsePowers": "175",
            "Volume": "200",
            "TypeName": "2.0 t BioPower",
            "ArticleNumber": "EO-6507",
            "Criterias": "[]"
        },
        {
            "Engines": "B207E",
            "HorsePowers": "150",
            "Volume": "200",
            "TypeName": "1,8t",
            "ArticleNumber": "EO-6507",
            "Criterias": "[]"
        },
        {
            "Engines": "B207L",
            "HorsePowers": "175",
            "Volume": "200",
            "TypeName": "2.0 t",
            "ArticleNumber": "EO-6507",
            "Criterias": "[]"
        },
        {
            "Engines": "B207R",
            "HorsePowers": "210",
            "Volume": "200",
            "TypeName": "2.0 t",
            "ArticleNumber": "EO-6507",
            "Criterias": "[]"
        },
        {
            "Engines": "B284R",
            "HorsePowers": "280",
            "Volume": "280",
            "TypeName": "2.8 Turbo V6",
            "ArticleNumber": "CAC-6516",
            "Criterias": "[]"
        },
        {
            "Engines": "Z 18 XE",
            "HorsePowers": "122",
            "Volume": "180",
            "TypeName": "1.8 i",
            "ArticleNumber": "CAC-6516",
            "Criterias": "[]"
        },
        {
            "Engines": "B284R",
            "HorsePowers": "276",
            "Volume": "280",
            "TypeName": "2.8 Turbo V6",
            "ArticleNumber": "CAC-6516",
            "Criterias": "[]"
        },
        {
            "Engines": "B207L",
            "HorsePowers": "175",
            "Volume": "200",
            "TypeName": "2.0 t BioPower",
            "ArticleNumber": "CAC-6516",
            "Criterias": "[]"
        },
        {
            "Engines": "B284L",
            "HorsePowers": "256",
            "Volume": "280",
            "TypeName": "2.8 Turbo V6",
            "ArticleNumber": "CAC-6516",
            "Criterias": "[]"
        },
        {
            "Engines": "LP9",
            "HorsePowers": "230",
            "Volume": "280",
            "TypeName": "2.8 Turbo V6",
            "ArticleNumber": "CAC-6516",
            "Criterias": "[]"
        },
        {
            "Engines": "B207E",
            "HorsePowers": "150",
            "Volume": "200",
            "TypeName": "1,8t",
            "ArticleNumber": "CAC-6516",
            "Criterias": "[]"
        },
        {
            "Engines": "Z 19 DTH",
            "HorsePowers": "150",
            "Volume": "190",
            "TypeName": "1.9 TiD",
            "ArticleNumber": "CAC-6516",
            "Criterias": "[]"
        },
        {
            "Engines": "LP9",
            "HorsePowers": "250",
            "Volume": "280",
            "TypeName": "2.8 Turbo V6",
            "ArticleNumber": "CAC-6516",
            "Criterias": "[]"
        },
        {
            "Engines": "B207L",
            "HorsePowers": "175",
            "Volume": "200",
            "TypeName": "2.0 t",
            "ArticleNumber": "CAC-6516",
            "Criterias": "[]"
        },
        {
            "Engines": "B207R",
            "HorsePowers": "210",
            "Volume": "200",
            "TypeName": "2.0 t",
            "ArticleNumber": "CAC-6516",
            "Criterias": "[]"
        },
        {
            "Engines": "Z 18 XE",
            "HorsePowers": "122",
            "Volume": "180",
            "TypeName": "1.8 i",
            "ArticleNumber": "C-1514",
            "Criterias": "[]"
        },
        {
            "Engines": "B284R",
            "HorsePowers": "280",
            "Volume": "280",
            "TypeName": "2.8 Turbo V6",
            "ArticleNumber": "O-6508",
            "Criterias": "[]"
        },
        {
            "Engines": "B284R",
            "HorsePowers": "276",
            "Volume": "280",
            "TypeName": "2.8 Turbo V6",
            "ArticleNumber": "O-6508",
            "Criterias": "[]"
        },
        {
            "Engines": "B284L",
            "HorsePowers": "256",
            "Volume": "280",
            "TypeName": "2.8 Turbo V6",
            "ArticleNumber": "O-6508",
            "Criterias": "[]"
        },
        {
            "Engines": "LP9",
            "HorsePowers": "230",
            "Volume": "280",
            "TypeName": "2.8 Turbo V6",
            "ArticleNumber": "O-6508",
            "Criterias": "[]"
        },
        {
            "Engines": "LP9",
            "HorsePowers": "250",
            "Volume": "280",
            "TypeName": "2.8 Turbo V6",
            "ArticleNumber": "O-6508",
            "Criterias": "[]"
        },
        {
            "Engines": "B284R",
            "HorsePowers": "280",
            "Volume": "280",
            "TypeName": "2.8 Turbo V6",
            "ArticleNumber": "FS-2301",
            "Criterias": "[]"
        },
        {
            "Engines": "Z 18 XE",
            "HorsePowers": "122",
            "Volume": "180",
            "TypeName": "1.8 i",
            "ArticleNumber": "FS-2301",
            "Criterias": "[]"
        },
        {
            "Engines": "B284R",
            "HorsePowers": "276",
            "Volume": "280",
            "TypeName": "2.8 Turbo V6",
            "ArticleNumber": "FS-2301",
            "Criterias": "[]"
        },
        {
            "Engines": "B207L",
            "HorsePowers": "175",
            "Volume": "200",
            "TypeName": "2.0 t BioPower",
            "ArticleNumber": "FS-2301",
            "Criterias": "[]"
        },
        {
            "Engines": "B284L",
            "HorsePowers": "256",
            "Volume": "280",
            "TypeName": "2.8 Turbo V6",
            "ArticleNumber": "FS-2301",
            "Criterias": "[]"
        },
        {
            "Engines": "LP9",
            "HorsePowers": "230",
            "Volume": "280",
            "TypeName": "2.8 Turbo V6",
            "ArticleNumber": "FS-2301",
            "Criterias": "[]"
        },
        {
            "Engines": "B207E",
            "HorsePowers": "150",
            "Volume": "200",
            "TypeName": "1,8t",
            "ArticleNumber": "FS-2301",
            "Criterias": "[]"
        },
        {
            "Engines": "LP9",
            "HorsePowers": "250",
            "Volume": "280",
            "TypeName": "2.8 Turbo V6",
            "ArticleNumber": "FS-2301",
            "Criterias": "[]"
        },
        {
            "Engines": "B207L",
            "HorsePowers": "175",
            "Volume": "200",
            "TypeName": "2.0 t",
            "ArticleNumber": "FS-2301",
            "Criterias": "[]"
        },
        {
            "Engines": "B207R",
            "HorsePowers": "210",
            "Volume": "200",
            "TypeName": "2.0 t",
            "ArticleNumber": "FS-2301",
            "Criterias": "[]"
        }
    ],
    "9-3 универсал (E50)": [
        {
            "Engines": "B207E",
            "HorsePowers": "150",
            "Volume": "200",
            "TypeName": "1.8t 2.0",
            "ArticleNumber": "CA-6516",
            "Criterias": "[]"
        },
        {
            "Engines": "B284L",
            "HorsePowers": "256",
            "Volume": "280",
            "TypeName": "2.8 Turbo V6",
            "ArticleNumber": "CA-6516",
            "Criterias": "[]"
        },
        {
            "Engines": "B207L",
            "HorsePowers": "175",
            "Volume": "200",
            "TypeName": "2.0 t BioPower",
            "ArticleNumber": "CA-6516",
            "Criterias": "[]"
        },
        {
            "Engines": "B207R",
            "HorsePowers": "209",
            "Volume": "200",
            "TypeName": "2.0 t XWD",
            "ArticleNumber": "CA-6516",
            "Criterias": "[]"
        },
        {
            "Engines": "B284R",
            "HorsePowers": "280",
            "Volume": "280",
            "TypeName": "2.8 Turbo V6 XWD",
            "ArticleNumber": "CA-6516",
            "Criterias": "[]"
        },
        {
            "Engines": "B284L",
            "HorsePowers": "230",
            "Volume": "280",
            "TypeName": "2.8 Turbo V6",
            "ArticleNumber": "CA-6516",
            "Criterias": "[]"
        },
        {
            "Engines": "Z 18 XE",
            "HorsePowers": "122",
            "Volume": "180",
            "TypeName": "1.8 i",
            "ArticleNumber": "CA-6516",
            "Criterias": "[]"
        },
        {
            "Engines": "B207E",
            "HorsePowers": "150",
            "Volume": "200",
            "TypeName": "2.0 t",
            "ArticleNumber": "CA-6516",
            "Criterias": "[]"
        },
        {
            "Engines": "B207L",
            "HorsePowers": "175",
            "Volume": "200",
            "TypeName": "2.0 t",
            "ArticleNumber": "CA-6516",
            "Criterias": "[]"
        },
        {
            "Engines": "B207R",
            "HorsePowers": "209",
            "Volume": "200",
            "TypeName": "2.0 t",
            "ArticleNumber": "CA-6516",
            "Criterias": "[]"
        },
        {
            "Engines": "Z 19 DTH",
            "HorsePowers": "150",
            "Volume": "190",
            "TypeName": "1.9 TiD",
            "ArticleNumber": "CA-6516",
            "Criterias": "[]"
        },
        {
            "Engines": "LP9",
            "HorsePowers": "250",
            "Volume": "280",
            "TypeName": "2.8 Turbo V6",
            "ArticleNumber": "CA-6516",
            "Criterias": "[]"
        },
        {
            "Engines": "Z 19 DTH",
            "HorsePowers": "150",
            "Volume": "190",
            "TypeName": "1.9 TiD",
            "ArticleNumber": "EO-23030",
            "Criterias": "[]"
        },
        {
            "Engines": "Z 19 DTH",
            "HorsePowers": "150",
            "Volume": "190",
            "TypeName": "1.9 TiD",
            "ArticleNumber": "EF-21010",
            "Criterias": "[{\"attrId\": 0, \"key\": \"Дата производства до\", \"value\": \"05/05\"}]"
        },
        {
            "Engines": "Z 19 DTH",
            "HorsePowers": "150",
            "Volume": "190",
            "TypeName": "1.9 TiD",
            "ArticleNumber": "EF-65010",
            "Criterias": "[{\"attrId\": 0, \"key\": \"Дата производства от\", \"value\": \"10/09\"}]"
        },
        {
            "Engines": "B207E",
            "HorsePowers": "150",
            "Volume": "200",
            "TypeName": "1.8t 2.0",
            "ArticleNumber": "EO-6507",
            "Criterias": "[]"
        },
        {
            "Engines": "B207L",
            "HorsePowers": "175",
            "Volume": "200",
            "TypeName": "2.0 t BioPower",
            "ArticleNumber": "EO-6507",
            "Criterias": "[]"
        },
        {
            "Engines": "B207R",
            "HorsePowers": "209",
            "Volume": "200",
            "TypeName": "2.0 t XWD",
            "ArticleNumber": "EO-6507",
            "Criterias": "[]"
        },
        {
            "Engines": "B207E",
            "HorsePowers": "150",
            "Volume": "200",
            "TypeName": "2.0 t",
            "ArticleNumber": "EO-6507",
            "Criterias": "[]"
        },
        {
            "Engines": "B207L",
            "HorsePowers": "175",
            "Volume": "200",
            "TypeName": "2.0 t",
            "ArticleNumber": "EO-6507",
            "Criterias": "[]"
        },
        {
            "Engines": "B207R",
            "HorsePowers": "209",
            "Volume": "200",
            "TypeName": "2.0 t",
            "ArticleNumber": "EO-6507",
            "Criterias": "[]"
        },
        {
            "Engines": "B207E",
            "HorsePowers": "150",
            "Volume": "200",
            "TypeName": "1.8t 2.0",
            "ArticleNumber": "CAC-6516",
            "Criterias": "[]"
        },
        {
            "Engines": "B284L",
            "HorsePowers": "256",
            "Volume": "280",
            "TypeName": "2.8 Turbo V6",
            "ArticleNumber": "CAC-6516",
            "Criterias": "[]"
        },
        {
            "Engines": "B207L",
            "HorsePowers": "175",
            "Volume": "200",
            "TypeName": "2.0 t BioPower",
            "ArticleNumber": "CAC-6516",
            "Criterias": "[]"
        },
        {
            "Engines": "B207R",
            "HorsePowers": "209",
            "Volume": "200",
            "TypeName": "2.0 t XWD",
            "ArticleNumber": "CAC-6516",
            "Criterias": "[]"
        },
        {
            "Engines": "B284R",
            "HorsePowers": "280",
            "Volume": "280",
            "TypeName": "2.8 Turbo V6 XWD",
            "ArticleNumber": "CAC-6516",
            "Criterias": "[]"
        },
        {
            "Engines": "B284L",
            "HorsePowers": "230",
            "Volume": "280",
            "TypeName": "2.8 Turbo V6",
            "ArticleNumber": "CAC-6516",
            "Criterias": "[]"
        },
        {
            "Engines": "Z 18 XE",
            "HorsePowers": "122",
            "Volume": "180",
            "TypeName": "1.8 i",
            "ArticleNumber": "CAC-6516",
            "Criterias": "[]"
        },
        {
            "Engines": "B207E",
            "HorsePowers": "150",
            "Volume": "200",
            "TypeName": "2.0 t",
            "ArticleNumber": "CAC-6516",
            "Criterias": "[]"
        },
        {
            "Engines": "B207L",
            "HorsePowers": "175",
            "Volume": "200",
            "TypeName": "2.0 t",
            "ArticleNumber": "CAC-6516",
            "Criterias": "[]"
        },
        {
            "Engines": "B207R",
            "HorsePowers": "209",
            "Volume": "200",
            "TypeName": "2.0 t",
            "ArticleNumber": "CAC-6516",
            "Criterias": "[]"
        },
        {
            "Engines": "Z 19 DTH",
            "HorsePowers": "150",
            "Volume": "190",
            "TypeName": "1.9 TiD",
            "ArticleNumber": "CAC-6516",
            "Criterias": "[]"
        },
        {
            "Engines": "LP9",
            "HorsePowers": "250",
            "Volume": "280",
            "TypeName": "2.8 Turbo V6",
            "ArticleNumber": "CAC-6516",
            "Criterias": "[]"
        },
        {
            "Engines": "Z 18 XE",
            "HorsePowers": "122",
            "Volume": "180",
            "TypeName": "1.8 i",
            "ArticleNumber": "C-1514",
            "Criterias": "[]"
        },
        {
            "Engines": "B284L",
            "HorsePowers": "256",
            "Volume": "280",
            "TypeName": "2.8 Turbo V6",
            "ArticleNumber": "O-6508",
            "Criterias": "[]"
        },
        {
            "Engines": "B284R",
            "HorsePowers": "280",
            "Volume": "280",
            "TypeName": "2.8 Turbo V6 XWD",
            "ArticleNumber": "O-6508",
            "Criterias": "[]"
        },
        {
            "Engines": "B284L",
            "HorsePowers": "230",
            "Volume": "280",
            "TypeName": "2.8 Turbo V6",
            "ArticleNumber": "O-6508",
            "Criterias": "[]"
        },
        {
            "Engines": "LP9",
            "HorsePowers": "250",
            "Volume": "280",
            "TypeName": "2.8 Turbo V6",
            "ArticleNumber": "O-6508",
            "Criterias": "[]"
        },
        {
            "Engines": "B207E",
            "HorsePowers": "150",
            "Volume": "200",
            "TypeName": "1.8t 2.0",
            "ArticleNumber": "FS-2301",
            "Criterias": "[]"
        },
        {
            "Engines": "B284L",
            "HorsePowers": "256",
            "Volume": "280",
            "TypeName": "2.8 Turbo V6",
            "ArticleNumber": "FS-2301",
            "Criterias": "[]"
        },
        {
            "Engines": "B207L",
            "HorsePowers": "175",
            "Volume": "200",
            "TypeName": "2.0 t BioPower",
            "ArticleNumber": "FS-2301",
            "Criterias": "[]"
        },
        {
            "Engines": "B207R",
            "HorsePowers": "209",
            "Volume": "200",
            "TypeName": "2.0 t XWD",
            "ArticleNumber": "FS-2301",
            "Criterias": "[]"
        },
        {
            "Engines": "B284R",
            "HorsePowers": "280",
            "Volume": "280",
            "TypeName": "2.8 Turbo V6 XWD",
            "ArticleNumber": "FS-2301",
            "Criterias": "[]"
        },
        {
            "Engines": "B284L",
            "HorsePowers": "230",
            "Volume": "280",
            "TypeName": "2.8 Turbo V6",
            "ArticleNumber": "FS-2301",
            "Criterias": "[]"
        },
        {
            "Engines": "Z 18 XE",
            "HorsePowers": "122",
            "Volume": "180",
            "TypeName": "1.8 i",
            "ArticleNumber": "FS-2301",
            "Criterias": "[]"
        },
        {
            "Engines": "B207E",
            "HorsePowers": "150",
            "Volume": "200",
            "TypeName": "2.0 t",
            "ArticleNumber": "FS-2301",
            "Criterias": "[]"
        },
        {
            "Engines": "B207L",
            "HorsePowers": "175",
            "Volume": "200",
            "TypeName": "2.0 t",
            "ArticleNumber": "FS-2301",
            "Criterias": "[]"
        },
        {
            "Engines": "B207R",
            "HorsePowers": "209",
            "Volume": "200",
            "TypeName": "2.0 t",
            "ArticleNumber": "FS-2301",
            "Criterias": "[]"
        },
        {
            "Engines": "LP9",
            "HorsePowers": "250",
            "Volume": "280",
            "TypeName": "2.8 Turbo V6",
            "ArticleNumber": "FS-2301",
            "Criterias": "[]"
        }
    ],
    "9-3 (YS3F, E79, D79, D75)": [
        {
            "Engines": "B284L",
            "HorsePowers": "256",
            "Volume": "280",
            "TypeName": "2.8 Turbo V6",
            "ArticleNumber": "CA-6516",
            "Criterias": "[]"
        },
        {
            "Engines": "B207L",
            "HorsePowers": "175",
            "Volume": "200",
            "TypeName": "2.0 t BioPower",
            "ArticleNumber": "CA-6516",
            "Criterias": "[]"
        },
        {
            "Engines": "B284R",
            "HorsePowers": "280",
            "Volume": "280",
            "TypeName": "2.8 Turbo V6 XWD",
            "ArticleNumber": "CA-6516",
            "Criterias": "[]"
        },
        {
            "Engines": "B207R",
            "HorsePowers": "210",
            "Volume": "200",
            "TypeName": "2.0 t BioPower",
            "ArticleNumber": "CA-6516",
            "Criterias": "[]"
        },
        {
            "Engines": "B207R",
            "HorsePowers": "210",
            "Volume": "200",
            "TypeName": "2.0 Turbo XWD",
            "ArticleNumber": "CA-6516",
            "Criterias": "[]"
        },
        {
            "Engines": "LP9",
            "HorsePowers": "230",
            "Volume": "280",
            "TypeName": "2.8 Turbo V6",
            "ArticleNumber": "CA-6516",
            "Criterias": "[]"
        },
        {
            "Engines": "B207R",
            "HorsePowers": "210",
            "Volume": "200",
            "TypeName": "2.0 t BioPower XWD",
            "ArticleNumber": "CA-6516",
            "Criterias": "[]"
        },
        {
            "Engines": "Z 19 DTH",
            "HorsePowers": "150",
            "Volume": "190",
            "TypeName": "1.9 TiD",
            "ArticleNumber": "CA-6516",
            "Criterias": "[]"
        },
        {
            "Engines": "Z 18 XE",
            "HorsePowers": "122",
            "Volume": "180",
            "TypeName": "1.8 i",
            "ArticleNumber": "CA-6516",
            "Criterias": "[]"
        },
        {
            "Engines": "LP9",
            "HorsePowers": "250",
            "Volume": "280",
            "TypeName": "2.8 Turbo V6",
            "ArticleNumber": "CA-6516",
            "Criterias": "[]"
        },
        {
            "Engines": "B207E",
            "HorsePowers": "150",
            "Volume": "200",
            "TypeName": "1,8t",
            "ArticleNumber": "CA-6516",
            "Criterias": "[]"
        },
        {
            "Engines": "B207R",
            "HorsePowers": "210",
            "Volume": "200",
            "TypeName": "2.0 t",
            "ArticleNumber": "CA-6516",
            "Criterias": "[]"
        },
        {
            "Engines": "B207L",
            "HorsePowers": "175",
            "Volume": "200",
            "TypeName": "2.0 t",
            "ArticleNumber": "CA-6516",
            "Criterias": "[]"
        },
        {
            "Engines": "Z 19 DTH",
            "HorsePowers": "150",
            "Volume": "190",
            "TypeName": "1.9 TiD",
            "ArticleNumber": "EO-23030",
            "Criterias": "[]"
        },
        {
            "Engines": "Z 19 DTH",
            "HorsePowers": "150",
            "Volume": "190",
            "TypeName": "1.9 TiD",
            "ArticleNumber": "EF-21010",
            "Criterias": "[{\"attrId\": 0, \"key\": \"Дата производства до\", \"value\": \"05/05\"}]"
        },
        {
            "Engines": "Z 19 DTH",
            "HorsePowers": "150",
            "Volume": "190",
            "TypeName": "1.9 TiD",
            "ArticleNumber": "EF-65010",
            "Criterias": "[{\"attrId\": 0, \"key\": \"Дата производства от\", \"value\": \"10/09\"}]"
        },
        {
            "Engines": "B207L",
            "HorsePowers": "175",
            "Volume": "200",
            "TypeName": "2.0 t BioPower",
            "ArticleNumber": "EO-6507",
            "Criterias": "[]"
        },
        {
            "Engines": "B207R",
            "HorsePowers": "210",
            "Volume": "200",
            "TypeName": "2.0 t BioPower",
            "ArticleNumber": "EO-6507",
            "Criterias": "[]"
        },
        {
            "Engines": "B207R",
            "HorsePowers": "210",
            "Volume": "200",
            "TypeName": "2.0 Turbo XWD",
            "ArticleNumber": "EO-6507",
            "Criterias": "[]"
        },
        {
            "Engines": "B207R",
            "HorsePowers": "210",
            "Volume": "200",
            "TypeName": "2.0 t BioPower XWD",
            "ArticleNumber": "EO-6507",
            "Criterias": "[]"
        },
        {
            "Engines": "B207E",
            "HorsePowers": "150",
            "Volume": "200",
            "TypeName": "1,8t",
            "ArticleNumber": "EO-6507",
            "Criterias": "[]"
        },
        {
            "Engines": "B207R",
            "HorsePowers": "210",
            "Volume": "200",
            "TypeName": "2.0 t",
            "ArticleNumber": "EO-6507",
            "Criterias": "[]"
        },
        {
            "Engines": "B207L",
            "HorsePowers": "175",
            "Volume": "200",
            "TypeName": "2.0 t",
            "ArticleNumber": "EO-6507",
            "Criterias": "[]"
        },
        {
            "Engines": "B284L",
            "HorsePowers": "256",
            "Volume": "280",
            "TypeName": "2.8 Turbo V6",
            "ArticleNumber": "CAC-6516",
            "Criterias": "[]"
        },
        {
            "Engines": "B207L",
            "HorsePowers": "175",
            "Volume": "200",
            "TypeName": "2.0 t BioPower",
            "ArticleNumber": "CAC-6516",
            "Criterias": "[]"
        },
        {
            "Engines": "B284R",
            "HorsePowers": "280",
            "Volume": "280",
            "TypeName": "2.8 Turbo V6 XWD",
            "ArticleNumber": "CAC-6516",
            "Criterias": "[]"
        },
        {
            "Engines": "B207R",
            "HorsePowers": "210",
            "Volume": "200",
            "TypeName": "2.0 t BioPower",
            "ArticleNumber": "CAC-6516",
            "Criterias": "[]"
        },
        {
            "Engines": "B207R",
            "HorsePowers": "210",
            "Volume": "200",
            "TypeName": "2.0 Turbo XWD",
            "ArticleNumber": "CAC-6516",
            "Criterias": "[]"
        },
        {
            "Engines": "LP9",
            "HorsePowers": "230",
            "Volume": "280",
            "TypeName": "2.8 Turbo V6",
            "ArticleNumber": "CAC-6516",
            "Criterias": "[]"
        },
        {
            "Engines": "B207R",
            "HorsePowers": "210",
            "Volume": "200",
            "TypeName": "2.0 t BioPower XWD",
            "ArticleNumber": "CAC-6516",
            "Criterias": "[]"
        },
        {
            "Engines": "Z 19 DTH",
            "HorsePowers": "150",
            "Volume": "190",
            "TypeName": "1.9 TiD",
            "ArticleNumber": "CAC-6516",
            "Criterias": "[]"
        },
        {
            "Engines": "Z 18 XE",
            "HorsePowers": "122",
            "Volume": "180",
            "TypeName": "1.8 i",
            "ArticleNumber": "CAC-6516",
            "Criterias": "[]"
        },
        {
            "Engines": "LP9",
            "HorsePowers": "250",
            "Volume": "280",
            "TypeName": "2.8 Turbo V6",
            "ArticleNumber": "CAC-6516",
            "Criterias": "[]"
        },
        {
            "Engines": "B207E",
            "HorsePowers": "150",
            "Volume": "200",
            "TypeName": "1,8t",
            "ArticleNumber": "CAC-6516",
            "Criterias": "[]"
        },
        {
            "Engines": "B207R",
            "HorsePowers": "210",
            "Volume": "200",
            "TypeName": "2.0 t",
            "ArticleNumber": "CAC-6516",
            "Criterias": "[]"
        },
        {
            "Engines": "B207L",
            "HorsePowers": "175",
            "Volume": "200",
            "TypeName": "2.0 t",
            "ArticleNumber": "CAC-6516",
            "Criterias": "[]"
        },
        {
            "Engines": "Z 18 XE",
            "HorsePowers": "122",
            "Volume": "180",
            "TypeName": "1.8 i",
            "ArticleNumber": "C-1514",
            "Criterias": "[]"
        },
        {
            "Engines": "B284L",
            "HorsePowers": "256",
            "Volume": "280",
            "TypeName": "2.8 Turbo V6",
            "ArticleNumber": "O-6508",
            "Criterias": "[]"
        },
        {
            "Engines": "B284R",
            "HorsePowers": "280",
            "Volume": "280",
            "TypeName": "2.8 Turbo V6 XWD",
            "ArticleNumber": "O-6508",
            "Criterias": "[]"
        },
        {
            "Engines": "LP9",
            "HorsePowers": "230",
            "Volume": "280",
            "TypeName": "2.8 Turbo V6",
            "ArticleNumber": "O-6508",
            "Criterias": "[]"
        },
        {
            "Engines": "LP9",
            "HorsePowers": "250",
            "Volume": "280",
            "TypeName": "2.8 Turbo V6",
            "ArticleNumber": "O-6508",
            "Criterias": "[]"
        },
        {
            "Engines": "B284L",
            "HorsePowers": "256",
            "Volume": "280",
            "TypeName": "2.8 Turbo V6",
            "ArticleNumber": "FS-2301",
            "Criterias": "[]"
        },
        {
            "Engines": "B207L",
            "HorsePowers": "175",
            "Volume": "200",
            "TypeName": "2.0 t BioPower",
            "ArticleNumber": "FS-2301",
            "Criterias": "[]"
        },
        {
            "Engines": "B284R",
            "HorsePowers": "280",
            "Volume": "280",
            "TypeName": "2.8 Turbo V6 XWD",
            "ArticleNumber": "FS-2301",
            "Criterias": "[]"
        },
        {
            "Engines": "B207R",
            "HorsePowers": "210",
            "Volume": "200",
            "TypeName": "2.0 t BioPower",
            "ArticleNumber": "FS-2301",
            "Criterias": "[]"
        },
        {
            "Engines": "B207R",
            "HorsePowers": "210",
            "Volume": "200",
            "TypeName": "2.0 Turbo XWD",
            "ArticleNumber": "FS-2301",
            "Criterias": "[]"
        },
        {
            "Engines": "LP9",
            "HorsePowers": "230",
            "Volume": "280",
            "TypeName": "2.8 Turbo V6",
            "ArticleNumber": "FS-2301",
            "Criterias": "[]"
        },
        {
            "Engines": "B207R",
            "HorsePowers": "210",
            "Volume": "200",
            "TypeName": "2.0 t BioPower XWD",
            "ArticleNumber": "FS-2301",
            "Criterias": "[]"
        },
        {
            "Engines": "Z 18 XE",
            "HorsePowers": "122",
            "Volume": "180",
            "TypeName": "1.8 i",
            "ArticleNumber": "FS-2301",
            "Criterias": "[]"
        },
        {
            "Engines": "LP9",
            "HorsePowers": "250",
            "Volume": "280",
            "TypeName": "2.8 Turbo V6",
            "ArticleNumber": "FS-2301",
            "Criterias": "[]"
        },
        {
            "Engines": "B207E",
            "HorsePowers": "150",
            "Volume": "200",
            "TypeName": "1,8t",
            "ArticleNumber": "FS-2301",
            "Criterias": "[]"
        },
        {
            "Engines": "B207R",
            "HorsePowers": "210",
            "Volume": "200",
            "TypeName": "2.0 t",
            "ArticleNumber": "FS-2301",
            "Criterias": "[]"
        },
        {
            "Engines": "B207L",
            "HorsePowers": "175",
            "Volume": "200",
            "TypeName": "2.0 t",
            "ArticleNumber": "FS-2301",
            "Criterias": "[]"
        },
        {
            "Engines": "B207L",
            "HorsePowers": "175",
            "Volume": "200",
            "TypeName": "2.0 t BioPower",
            "ArticleNumber": "3351-1006",
            "Criterias": "[]"
        },
        {
            "Engines": "B207L",
            "HorsePowers": "175",
            "Volume": "200",
            "TypeName": "1,8t BioPower",
            "ArticleNumber": "3351-1006",
            "Criterias": "[]"
        },
        {
            "Engines": "B207E",
            "HorsePowers": "150",
            "Volume": "200",
            "TypeName": "1,8t",
            "ArticleNumber": "3351-1006",
            "Criterias": "[]"
        },
        {
            "Engines": "B207L",
            "HorsePowers": "175",
            "Volume": "200",
            "TypeName": "2.0 t",
            "ArticleNumber": "3351-1006",
            "Criterias": "[]"
        }
    ],
    "9-5 (YS3G)": [
        {
            "Engines": "A 20 NHT",
            "HorsePowers": "220",
            "Volume": "200",
            "TypeName": "2.0 Turbo",
            "ArticleNumber": "CA-65210",
            "Criterias": "[]"
        },
        {
            "Engines": "A 20 NFT",
            "HorsePowers": "220",
            "Volume": "200",
            "TypeName": "2.0 t BioPower",
            "ArticleNumber": "CA-65210",
            "Criterias": "[]"
        },
        {
            "Engines": "A 20 NHT",
            "HorsePowers": "220",
            "Volume": "200",
            "TypeName": "2.0 Turbo XWD",
            "ArticleNumber": "CA-65210",
            "Criterias": "[]"
        },
        {
            "Engines": "A 20 NHT",
            "HorsePowers": "220",
            "Volume": "200",
            "TypeName": "2.0 t BioPower XWD",
            "ArticleNumber": "CA-65210",
            "Criterias": "[]"
        },
        {
            "Engines": "A 28 NER",
            "HorsePowers": "301",
            "Volume": "280",
            "TypeName": "2.8 Turbo V6 XWD",
            "ArticleNumber": "CA-65210",
            "Criterias": "[]"
        },
        {
            "Engines": "A 20 NHT",
            "HorsePowers": "220",
            "Volume": "200",
            "TypeName": "2.0 Turbo",
            "ArticleNumber": "CAB-65210",
            "Criterias": "[]"
        },
        {
            "Engines": "A 20 NFT",
            "HorsePowers": "220",
            "Volume": "200",
            "TypeName": "2.0 t BioPower",
            "ArticleNumber": "CAB-65210",
            "Criterias": "[]"
        },
        {
            "Engines": "A 20 NHT",
            "HorsePowers": "220",
            "Volume": "200",
            "TypeName": "2.0 Turbo XWD",
            "ArticleNumber": "CAB-65210",
            "Criterias": "[]"
        },
        {
            "Engines": "A 20 NHT",
            "HorsePowers": "220",
            "Volume": "200",
            "TypeName": "2.0 t BioPower XWD",
            "ArticleNumber": "CAB-65210",
            "Criterias": "[]"
        },
        {
            "Engines": "A 28 NER",
            "HorsePowers": "301",
            "Volume": "280",
            "TypeName": "2.8 Turbo V6 XWD",
            "ArticleNumber": "CAB-65210",
            "Criterias": "[]"
        },
        {
            "Engines": "A 20 NHT",
            "HorsePowers": "220",
            "Volume": "200",
            "TypeName": "2.0 Turbo",
            "ArticleNumber": "EO-6507",
            "Criterias": "[]"
        },
        {
            "Engines": "A 20 NFT",
            "HorsePowers": "220",
            "Volume": "200",
            "TypeName": "2.0 t BioPower",
            "ArticleNumber": "EO-6507",
            "Criterias": "[]"
        },
        {
            "Engines": "A 20 NHT",
            "HorsePowers": "220",
            "Volume": "200",
            "TypeName": "2.0 Turbo XWD",
            "ArticleNumber": "EO-6507",
            "Criterias": "[]"
        },
        {
            "Engines": "A 20 NHT",
            "HorsePowers": "220",
            "Volume": "200",
            "TypeName": "2.0 t BioPower XWD",
            "ArticleNumber": "EO-6507",
            "Criterias": "[]"
        },
        {
            "Engines": "A 20 NHT",
            "HorsePowers": "220",
            "Volume": "200",
            "TypeName": "2.0 Turbo",
            "ArticleNumber": "CAC-65210",
            "Criterias": "[]"
        },
        {
            "Engines": "A 20 NFT",
            "HorsePowers": "220",
            "Volume": "200",
            "TypeName": "2.0 t BioPower",
            "ArticleNumber": "CAC-65210",
            "Criterias": "[]"
        },
        {
            "Engines": "A 20 NHT",
            "HorsePowers": "220",
            "Volume": "200",
            "TypeName": "2.0 Turbo XWD",
            "ArticleNumber": "CAC-65210",
            "Criterias": "[]"
        },
        {
            "Engines": "A 20 NHT",
            "HorsePowers": "220",
            "Volume": "200",
            "TypeName": "2.0 t BioPower XWD",
            "ArticleNumber": "CAC-65210",
            "Criterias": "[]"
        },
        {
            "Engines": "A 28 NER",
            "HorsePowers": "301",
            "Volume": "280",
            "TypeName": "2.8 Turbo V6 XWD",
            "ArticleNumber": "CAC-65210",
            "Criterias": "[]"
        },
        {
            "Engines": "A 28 NER",
            "HorsePowers": "301",
            "Volume": "280",
            "TypeName": "2.8 Turbo V6 XWD",
            "ArticleNumber": "O-6508",
            "Criterias": "[]"
        },
        {
            "Engines": "A 20 NHT",
            "HorsePowers": "220",
            "Volume": "200",
            "TypeName": "2.0 Turbo",
            "ArticleNumber": "3101-8501",
            "Criterias": "[]"
        },
        {
            "Engines": "A 20 NFT",
            "HorsePowers": "220",
            "Volume": "200",
            "TypeName": "2.0 t BioPower",
            "ArticleNumber": "3101-8501",
            "Criterias": "[]"
        },
        {
            "Engines": "A 20 NHT",
            "HorsePowers": "220",
            "Volume": "200",
            "TypeName": "2.0 Turbo XWD",
            "ArticleNumber": "3101-8501",
            "Criterias": "[]"
        },
        {
            "Engines": "A 20 NHT",
            "HorsePowers": "220",
            "Volume": "200",
            "TypeName": "2.0 t BioPower XWD",
            "ArticleNumber": "3101-8501",
            "Criterias": "[]"
        },
        {
            "Engines": "A 20 NHT",
            "HorsePowers": "220",
            "Volume": "200",
            "TypeName": "2.0 Turbo",
            "ArticleNumber": "A-32030",
            "Criterias": "[{\"attrId\": 0, \"key\": \"для модельного ряда\", \"value\": \"2010\"}]"
        },
        {
            "Engines": "A 20 NFT",
            "HorsePowers": "220",
            "Volume": "200",
            "TypeName": "2.0 t BioPower",
            "ArticleNumber": "A-32030",
            "Criterias": "[{\"attrId\": 0, \"key\": \"для модельного ряда\", \"value\": \"2010\"}]"
        },
        {
            "Engines": "A 20 NHT",
            "HorsePowers": "220",
            "Volume": "200",
            "TypeName": "2.0 Turbo XWD",
            "ArticleNumber": "A-32030",
            "Criterias": "[{\"attrId\": 0, \"key\": \"для модельного ряда\", \"value\": \"2010\"}]"
        },
        {
            "Engines": "A 20 NHT",
            "HorsePowers": "220",
            "Volume": "200",
            "TypeName": "2.0 t BioPower XWD",
            "ArticleNumber": "A-32030",
            "Criterias": "[{\"attrId\": 0, \"key\": \"для модельного ряда\", \"value\": \"2010\"}]"
        },
        {
            "Engines": "A 28 NER",
            "HorsePowers": "301",
            "Volume": "280",
            "TypeName": "2.8 Turbo V6 XWD",
            "ArticleNumber": "A-32030",
            "Criterias": "[]"
        },
        {
            "Engines": "A 20 NHT",
            "HorsePowers": "220",
            "Volume": "200",
            "TypeName": "2.0 Turbo",
            "ArticleNumber": "A-32040",
            "Criterias": "[{\"attrId\": 0, \"key\": \"для модельного ряда\", \"value\": \"2011\"}]"
        },
        {
            "Engines": "A 20 NFT",
            "HorsePowers": "220",
            "Volume": "200",
            "TypeName": "2.0 t BioPower",
            "ArticleNumber": "A-32040",
            "Criterias": "[{\"attrId\": 0, \"key\": \"для модельного ряда\", \"value\": \"2011\"}]"
        },
        {
            "Engines": "A 20 NHT",
            "HorsePowers": "220",
            "Volume": "200",
            "TypeName": "2.0 Turbo XWD",
            "ArticleNumber": "A-32040",
            "Criterias": "[{\"attrId\": 0, \"key\": \"для модельного ряда\", \"value\": \"2011\"}]"
        },
        {
            "Engines": "A 20 NHT",
            "HorsePowers": "220",
            "Volume": "200",
            "TypeName": "2.0 t BioPower XWD",
            "ArticleNumber": "A-32040",
            "Criterias": "[{\"attrId\": 0, \"key\": \"для модельного ряда\", \"value\": \"2011\"}]"
        }
    ],
    "900 II Кабриолет": [
        {
            "Engines": "B258I",
            "HorsePowers": "170",
            "Volume": "250",
            "TypeName": "2.5 -24 V6",
            "ArticleNumber": "C-1514",
            "Criterias": "[]"
        },
        {
            "Engines": "B204I",
            "HorsePowers": "131",
            "Volume": "200",
            "TypeName": "2.0 i",
            "ArticleNumber": "C-1110",
            "Criterias": "[]"
        },
        {
            "Engines": "B204L",
            "HorsePowers": "185",
            "Volume": "200",
            "TypeName": "2.0 -16 Turbo",
            "ArticleNumber": "C-1110",
            "Criterias": "[]"
        },
        {
            "Engines": "B234I",
            "HorsePowers": "150",
            "Volume": "230",
            "TypeName": "2.3 -16",
            "ArticleNumber": "C-1110",
            "Criterias": "[]"
        },
        {
            "Engines": "B204I",
            "HorsePowers": "131",
            "Volume": "200",
            "TypeName": "2.0 i",
            "ArticleNumber": "FS-2401",
            "Criterias": "[]"
        },
        {
            "Engines": "B204L",
            "HorsePowers": "185",
            "Volume": "200",
            "TypeName": "2.0 -16 Turbo",
            "ArticleNumber": "FS-2401",
            "Criterias": "[]"
        },
        {
            "Engines": "B258I",
            "HorsePowers": "170",
            "Volume": "250",
            "TypeName": "2.5 -24 V6",
            "ArticleNumber": "FS-2401",
            "Criterias": "[]"
        },
        {
            "Engines": "B234I",
            "HorsePowers": "150",
            "Volume": "230",
            "TypeName": "2.3 -16",
            "ArticleNumber": "FS-2401",
            "Criterias": "[]"
        },
        {
            "Engines": "B258I",
            "HorsePowers": "170",
            "Volume": "250",
            "TypeName": "2.5 -24 V6",
            "ArticleNumber": "A-6507",
            "Criterias": "[]"
        }
    ],
    "900 II": [
        {
            "Engines": "B258I",
            "HorsePowers": "170",
            "Volume": "250",
            "TypeName": "2.5 -24 V6",
            "ArticleNumber": "C-1514",
            "Criterias": "[]"
        },
        {
            "Engines": "B234I",
            "HorsePowers": "150",
            "Volume": "230",
            "TypeName": "2.3 -16",
            "ArticleNumber": "C-1110",
            "Criterias": "[]"
        },
        {
            "Engines": "B204L",
            "HorsePowers": "185",
            "Volume": "200",
            "TypeName": "2.0 -16 Turbo",
            "ArticleNumber": "C-1110",
            "Criterias": "[]"
        },
        {
            "Engines": "B204I",
            "HorsePowers": "131",
            "Volume": "200",
            "TypeName": "2.0 i",
            "ArticleNumber": "C-1110",
            "Criterias": "[]"
        },
        {
            "Engines": "B234I",
            "HorsePowers": "150",
            "Volume": "230",
            "TypeName": "2.3 -16",
            "ArticleNumber": "FS-2401",
            "Criterias": "[]"
        },
        {
            "Engines": "B258I",
            "HorsePowers": "170",
            "Volume": "250",
            "TypeName": "2.5 -24 V6",
            "ArticleNumber": "FS-2401",
            "Criterias": "[]"
        },
        {
            "Engines": "B204L",
            "HorsePowers": "185",
            "Volume": "200",
            "TypeName": "2.0 -16 Turbo",
            "ArticleNumber": "FS-2401",
            "Criterias": "[]"
        },
        {
            "Engines": "B204I",
            "HorsePowers": "131",
            "Volume": "200",
            "TypeName": "2.0 i",
            "ArticleNumber": "FS-2401",
            "Criterias": "[]"
        },
        {
            "Engines": "B258I",
            "HorsePowers": "170",
            "Volume": "250",
            "TypeName": "2.5 -24 V6",
            "ArticleNumber": "A-6507",
            "Criterias": "[]"
        }
    ],
    "900 II купе": [
        {
            "Engines": "B258I",
            "HorsePowers": "170",
            "Volume": "250",
            "TypeName": "2.5 -24 V6",
            "ArticleNumber": "C-1514",
            "Criterias": "[]"
        },
        {
            "Engines": "B206I",
            "HorsePowers": "133",
            "Volume": "200",
            "TypeName": "2.0 i",
            "ArticleNumber": "C-1110",
            "Criterias": "[]"
        },
        {
            "Engines": "B204I",
            "HorsePowers": "131",
            "Volume": "200",
            "TypeName": "2.0 i",
            "ArticleNumber": "C-1110",
            "Criterias": "[]"
        },
        {
            "Engines": "B204L",
            "HorsePowers": "185",
            "Volume": "200",
            "TypeName": "2.0 -16 Turbo",
            "ArticleNumber": "C-1110",
            "Criterias": "[]"
        },
        {
            "Engines": "B234I",
            "HorsePowers": "150",
            "Volume": "230",
            "TypeName": "2.3 -16",
            "ArticleNumber": "C-1110",
            "Criterias": "[]"
        },
        {
            "Engines": "B206I",
            "HorsePowers": "133",
            "Volume": "200",
            "TypeName": "2.0 i",
            "ArticleNumber": "FS-2401",
            "Criterias": "[]"
        },
        {
            "Engines": "B204I",
            "HorsePowers": "131",
            "Volume": "200",
            "TypeName": "2.0 i",
            "ArticleNumber": "FS-2401",
            "Criterias": "[]"
        },
        {
            "Engines": "B204L",
            "HorsePowers": "185",
            "Volume": "200",
            "TypeName": "2.0 -16 Turbo",
            "ArticleNumber": "FS-2401",
            "Criterias": "[]"
        },
        {
            "Engines": "B234I",
            "HorsePowers": "150",
            "Volume": "230",
            "TypeName": "2.3 -16",
            "ArticleNumber": "FS-2401",
            "Criterias": "[]"
        },
        {
            "Engines": "B258I",
            "HorsePowers": "170",
            "Volume": "250",
            "TypeName": "2.5 -24 V6",
            "ArticleNumber": "FS-2401",
            "Criterias": "[]"
        },
        {
            "Engines": "B258I",
            "HorsePowers": "170",
            "Volume": "250",
            "TypeName": "2.5 -24 V6",
            "ArticleNumber": "A-6507",
            "Criterias": "[]"
        }
    ],
    "9000": [
        {
            "Engines": "B202I",
            "HorsePowers": "128",
            "Volume": "200",
            "TypeName": "2.0 -16",
            "ArticleNumber": "C-1110",
            "Criterias": "[]"
        },
        {
            "Engines": "B202XL",
            "HorsePowers": "160",
            "Volume": "200",
            "TypeName": "2.0 -16 Turbo",
            "ArticleNumber": "C-1110",
            "Criterias": "[]"
        },
        {
            "Engines": "B202I,B204I",
            "HorsePowers": "131",
            "Volume": "200",
            "TypeName": "2.0 -16 CD",
            "ArticleNumber": "C-1110",
            "Criterias": "[]"
        },
        {
            "Engines": "B202S,B204E",
            "HorsePowers": "147",
            "Volume": "200",
            "TypeName": "2.0 -16 Turbo CD",
            "ArticleNumber": "C-1110",
            "Criterias": "[]"
        },
        {
            "Engines": "B202XL",
            "HorsePowers": "163",
            "Volume": "200",
            "TypeName": "2.0 -16 Turbo CD",
            "ArticleNumber": "C-1110",
            "Criterias": "[]"
        },
        {
            "Engines": "B202L",
            "HorsePowers": "185",
            "Volume": "200",
            "TypeName": "2.0 -16 Turbo CD",
            "ArticleNumber": "C-1110",
            "Criterias": "[]"
        },
        {
            "Engines": "B234I",
            "HorsePowers": "146",
            "Volume": "230",
            "TypeName": "2.3 -16 CD",
            "ArticleNumber": "C-1110",
            "Criterias": "[]"
        },
        {
            "Engines": "B234I",
            "HorsePowers": "147",
            "Volume": "230",
            "TypeName": "2.3 -16 CDE",
            "ArticleNumber": "C-1110",
            "Criterias": "[]"
        },
        {
            "Engines": "B234E",
            "HorsePowers": "170",
            "Volume": "230",
            "TypeName": "2.3 -16 CDE Eco-Power",
            "ArticleNumber": "C-1110",
            "Criterias": "[]"
        },
        {
            "Engines": "B234L",
            "HorsePowers": "195",
            "Volume": "230",
            "TypeName": "2.3 -16 Turbo",
            "ArticleNumber": "C-1110",
            "Criterias": "[]"
        },
        {
            "Engines": "B234L",
            "HorsePowers": "200",
            "Volume": "230",
            "TypeName": "2.3 -16 CD Turbo",
            "ArticleNumber": "C-1110",
            "Criterias": "[]"
        },
        {
            "Engines": "B202S,B204E,B204S",
            "HorsePowers": "150",
            "Volume": "200",
            "TypeName": "2.0 -16 CD",
            "ArticleNumber": "C-1110",
            "Criterias": "[]"
        },
        {
            "Engines": "B202",
            "HorsePowers": "172",
            "Volume": "200",
            "TypeName": "2.0 -16 Turbo",
            "ArticleNumber": "C-1110",
            "Criterias": "[]"
        },
        {
            "Engines": "B308I",
            "HorsePowers": "211",
            "Volume": "300",
            "TypeName": "3.0 -24 V6 CD/CDE",
            "ArticleNumber": "FS-2401",
            "Criterias": "[]"
        },
        {
            "Engines": "B202I",
            "HorsePowers": "128",
            "Volume": "200",
            "TypeName": "2.0 -16",
            "ArticleNumber": "FS-2401",
            "Criterias": "[]"
        },
        {
            "Engines": "B202XL",
            "HorsePowers": "160",
            "Volume": "200",
            "TypeName": "2.0 -16 Turbo",
            "ArticleNumber": "FS-2401",
            "Criterias": "[]"
        },
        {
            "Engines": "B202I,B204I",
            "HorsePowers": "131",
            "Volume": "200",
            "TypeName": "2.0 -16 CD",
            "ArticleNumber": "FS-2401",
            "Criterias": "[]"
        },
        {
            "Engines": "B202S,B204E",
            "HorsePowers": "147",
            "Volume": "200",
            "TypeName": "2.0 -16 Turbo CD",
            "ArticleNumber": "FS-2401",
            "Criterias": "[]"
        },
        {
            "Engines": "B202XL",
            "HorsePowers": "163",
            "Volume": "200",
            "TypeName": "2.0 -16 Turbo CD",
            "ArticleNumber": "FS-2401",
            "Criterias": "[]"
        },
        {
            "Engines": "B202L",
            "HorsePowers": "185",
            "Volume": "200",
            "TypeName": "2.0 -16 Turbo CD",
            "ArticleNumber": "FS-2401",
            "Criterias": "[]"
        },
        {
            "Engines": "B234I",
            "HorsePowers": "146",
            "Volume": "230",
            "TypeName": "2.3 -16 CD",
            "ArticleNumber": "FS-2401",
            "Criterias": "[]"
        },
        {
            "Engines": "B234I",
            "HorsePowers": "147",
            "Volume": "230",
            "TypeName": "2.3 -16 CDE",
            "ArticleNumber": "FS-2401",
            "Criterias": "[]"
        },
        {
            "Engines": "B234E",
            "HorsePowers": "170",
            "Volume": "230",
            "TypeName": "2.3 -16 CDE Eco-Power",
            "ArticleNumber": "FS-2401",
            "Criterias": "[]"
        },
        {
            "Engines": "B234L",
            "HorsePowers": "195",
            "Volume": "230",
            "TypeName": "2.3 -16 Turbo",
            "ArticleNumber": "FS-2401",
            "Criterias": "[]"
        },
        {
            "Engines": "B234L",
            "HorsePowers": "200",
            "Volume": "230",
            "TypeName": "2.3 -16 CD Turbo",
            "ArticleNumber": "FS-2401",
            "Criterias": "[]"
        },
        {
            "Engines": "B202S,B204E,B204S",
            "HorsePowers": "150",
            "Volume": "200",
            "TypeName": "2.0 -16 CD",
            "ArticleNumber": "FS-2401",
            "Criterias": "[]"
        },
        {
            "Engines": "B202",
            "HorsePowers": "172",
            "Volume": "200",
            "TypeName": "2.0 -16 Turbo",
            "ArticleNumber": "FS-2401",
            "Criterias": "[]"
        },
        {
            "Engines": "B202I",
            "HorsePowers": "128",
            "Volume": "200",
            "TypeName": "2.0 -16",
            "ArticleNumber": "A-83080",
            "Criterias": "[]"
        },
        {
            "Engines": "B202XL",
            "HorsePowers": "160",
            "Volume": "200",
            "TypeName": "2.0 -16 Turbo",
            "ArticleNumber": "A-83080",
            "Criterias": "[]"
        },
        {
            "Engines": "B202I,B204I",
            "HorsePowers": "131",
            "Volume": "200",
            "TypeName": "2.0 -16 CD",
            "ArticleNumber": "A-83080",
            "Criterias": "[]"
        },
        {
            "Engines": "B202S,B204E",
            "HorsePowers": "147",
            "Volume": "200",
            "TypeName": "2.0 -16 Turbo CD",
            "ArticleNumber": "A-83080",
            "Criterias": "[]"
        },
        {
            "Engines": "B202XL",
            "HorsePowers": "163",
            "Volume": "200",
            "TypeName": "2.0 -16 Turbo CD",
            "ArticleNumber": "A-83080",
            "Criterias": "[]"
        },
        {
            "Engines": "B202L",
            "HorsePowers": "185",
            "Volume": "200",
            "TypeName": "2.0 -16 Turbo CD",
            "ArticleNumber": "A-83080",
            "Criterias": "[]"
        },
        {
            "Engines": "B234I",
            "HorsePowers": "146",
            "Volume": "230",
            "TypeName": "2.3 -16 CD",
            "ArticleNumber": "A-83080",
            "Criterias": "[]"
        },
        {
            "Engines": "B234I",
            "HorsePowers": "147",
            "Volume": "230",
            "TypeName": "2.3 -16 CDE",
            "ArticleNumber": "A-83080",
            "Criterias": "[]"
        },
        {
            "Engines": "B234E",
            "HorsePowers": "170",
            "Volume": "230",
            "TypeName": "2.3 -16 CDE Eco-Power",
            "ArticleNumber": "A-83080",
            "Criterias": "[]"
        },
        {
            "Engines": "B234L",
            "HorsePowers": "195",
            "Volume": "230",
            "TypeName": "2.3 -16 Turbo",
            "ArticleNumber": "A-83080",
            "Criterias": "[]"
        },
        {
            "Engines": "B234L",
            "HorsePowers": "200",
            "Volume": "230",
            "TypeName": "2.3 -16 CD Turbo",
            "ArticleNumber": "A-83080",
            "Criterias": "[]"
        },
        {
            "Engines": "B202S,B204E,B204S",
            "HorsePowers": "150",
            "Volume": "200",
            "TypeName": "2.0 -16 CD",
            "ArticleNumber": "A-83080",
            "Criterias": "[]"
        },
        {
            "Engines": "B202",
            "HorsePowers": "172",
            "Volume": "200",
            "TypeName": "2.0 -16 Turbo",
            "ArticleNumber": "A-83080",
            "Criterias": "[]"
        }
    ],
    "9-5 универсал (YS3E)": [
        {
            "Engines": "B205L",
            "HorsePowers": "185",
            "Volume": "200",
            "TypeName": "2.0 t",
            "ArticleNumber": "C-1110",
            "Criterias": "[]"
        },
        {
            "Engines": "B205E",
            "HorsePowers": "150",
            "Volume": "200",
            "TypeName": "2.0 t",
            "ArticleNumber": "C-1110",
            "Criterias": "[]"
        },
        {
            "Engines": "B235E",
            "HorsePowers": "170",
            "Volume": "230",
            "TypeName": "2.3 t",
            "ArticleNumber": "C-1110",
            "Criterias": "[]"
        },
        {
            "Engines": "B308E",
            "HorsePowers": "200",
            "Volume": "300",
            "TypeName": "3.0 V6t",
            "ArticleNumber": "C-1110",
            "Criterias": "[]"
        },
        {
            "Engines": "B205E",
            "HorsePowers": "192",
            "Volume": "200",
            "TypeName": "2.0 t",
            "ArticleNumber": "C-1110",
            "Criterias": "[]"
        },
        {
            "Engines": "B235L",
            "HorsePowers": "220",
            "Volume": "230",
            "TypeName": "2.3 Turbo",
            "ArticleNumber": "C-1110",
            "Criterias": "[]"
        },
        {
            "Engines": "B235R",
            "HorsePowers": "260",
            "Volume": "230",
            "TypeName": "2.3 Turbo",
            "ArticleNumber": "C-1110",
            "Criterias": "[]"
        },
        {
            "Engines": "B235R",
            "HorsePowers": "230",
            "Volume": "230",
            "TypeName": "2.3 Turbo",
            "ArticleNumber": "C-1110",
            "Criterias": "[]"
        },
        {
            "Engines": "B235E",
            "HorsePowers": "185",
            "Volume": "230",
            "TypeName": "2.3 t",
            "ArticleNumber": "C-1110",
            "Criterias": "[]"
        },
        {
            "Engines": "B235R",
            "HorsePowers": "250",
            "Volume": "230",
            "TypeName": "2.3 Turbo",
            "ArticleNumber": "C-1110",
            "Criterias": "[]"
        },
        {
            "Engines": "B205E",
            "HorsePowers": "150",
            "Volume": "200",
            "TypeName": "2.0 t",
            "ArticleNumber": "FS-2301",
            "Criterias": "[{\"attrId\": 0, \"key\": \"Модельный год от\", \"value\": \"2006\"}]"
        },
        {
            "Engines": "B235L",
            "HorsePowers": "220",
            "Volume": "230",
            "TypeName": "2.3 Turbo",
            "ArticleNumber": "FS-2301",
            "Criterias": "[{\"attrId\": 0, \"key\": \"Модельный год от\", \"value\": \"2006\"}]"
        },
        {
            "Engines": "B235R",
            "HorsePowers": "260",
            "Volume": "230",
            "TypeName": "2.3 Turbo",
            "ArticleNumber": "FS-2301",
            "Criterias": "[{\"attrId\": 0, \"key\": \"Модельный год от\", \"value\": \"2006\"}]"
        },
        {
            "Engines": "B235E",
            "HorsePowers": "185",
            "Volume": "230",
            "TypeName": "2.3 t",
            "ArticleNumber": "FS-2301",
            "Criterias": "[{\"attrId\": 0, \"key\": \"Модельный год от\", \"value\": \"2006\"}]"
        },
        {
            "Engines": "B205E",
            "HorsePowers": "150",
            "Volume": "200",
            "TypeName": "2.0 t",
            "ArticleNumber": "FS-2401",
            "Criterias": "[{\"attrId\": 0, \"key\": \"Модельный год до\", \"value\": \"2005\"}]"
        }
    ],
    "9-3 Cabriolet (YS3D)": [
        {
            "Engines": "B234I",
            "HorsePowers": "150",
            "Volume": "230",
            "TypeName": "2.3 i",
            "ArticleNumber": "C-1110",
            "Criterias": "[]"
        },
        {
            "Engines": "B204L,B205E,B205L",
            "HorsePowers": "185",
            "Volume": "200",
            "TypeName": "2.0 Turbo",
            "ArticleNumber": "C-1110",
            "Criterias": "[]"
        },
        {
            "Engines": "B204I",
            "HorsePowers": "131",
            "Volume": "200",
            "TypeName": "2.0 i",
            "ArticleNumber": "C-1110",
            "Criterias": "[]"
        },
        {
            "Engines": "B204E",
            "HorsePowers": "154",
            "Volume": "200",
            "TypeName": "2.0 Turbo",
            "ArticleNumber": "C-1110",
            "Criterias": "[]"
        },
        {
            "Engines": "B204R",
            "HorsePowers": "200",
            "Volume": "200",
            "TypeName": "2.0 SE Turbo",
            "ArticleNumber": "C-1110",
            "Criterias": "[]"
        },
        {
            "Engines": "B205R",
            "HorsePowers": "205",
            "Volume": "200",
            "TypeName": "2.0 Turbo",
            "ArticleNumber": "C-1110",
            "Criterias": "[]"
        },
        {
            "Engines": "B235R",
            "HorsePowers": "224",
            "Volume": "230",
            "TypeName": "2.3 Turbo",
            "ArticleNumber": "C-1110",
            "Criterias": "[]"
        },
        {
            "Engines": "B205E",
            "HorsePowers": "150",
            "Volume": "200",
            "TypeName": "2.0 Turbo",
            "ArticleNumber": "C-1110",
            "Criterias": "[]"
        },
        {
            "Engines": "B234I",
            "HorsePowers": "150",
            "Volume": "230",
            "TypeName": "2.3 i",
            "ArticleNumber": "FS-2401",
            "Criterias": "[]"
        },
        {
            "Engines": "B204L,B205E,B205L",
            "HorsePowers": "185",
            "Volume": "200",
            "TypeName": "2.0 Turbo",
            "ArticleNumber": "FS-2401",
            "Criterias": "[]"
        },
        {
            "Engines": "B204I",
            "HorsePowers": "131",
            "Volume": "200",
            "TypeName": "2.0 i",
            "ArticleNumber": "FS-2401",
            "Criterias": "[]"
        },
        {
            "Engines": "B204E",
            "HorsePowers": "154",
            "Volume": "200",
            "TypeName": "2.0 Turbo",
            "ArticleNumber": "FS-2401",
            "Criterias": "[]"
        },
        {
            "Engines": "B204R",
            "HorsePowers": "200",
            "Volume": "200",
            "TypeName": "2.0 SE Turbo",
            "ArticleNumber": "FS-2401",
            "Criterias": "[]"
        },
        {
            "Engines": "B205R",
            "HorsePowers": "205",
            "Volume": "200",
            "TypeName": "2.0 Turbo",
            "ArticleNumber": "FS-2401",
            "Criterias": "[]"
        },
        {
            "Engines": "B235R",
            "HorsePowers": "224",
            "Volume": "230",
            "TypeName": "2.3 Turbo",
            "ArticleNumber": "FS-2401",
            "Criterias": "[]"
        },
        {
            "Engines": "B205E",
            "HorsePowers": "150",
            "Volume": "200",
            "TypeName": "2.0 Turbo",
            "ArticleNumber": "FS-2401",
            "Criterias": "[]"
        },
        {
            "Engines": "B234I",
            "HorsePowers": "150",
            "Volume": "230",
            "TypeName": "2.3 i",
            "ArticleNumber": "A-83070",
            "Criterias": "[{\"attrId\": 0, \"key\": \"Дата производства от\", \"value\": \"08/00\"}]"
        },
        {
            "Engines": "B204L,B205E,B205L",
            "HorsePowers": "185",
            "Volume": "200",
            "TypeName": "2.0 Turbo",
            "ArticleNumber": "A-83070",
            "Criterias": "[{\"attrId\": 0, \"key\": \"Дата производства от\", \"value\": \"08/00\"}]"
        },
        {
            "Engines": "B204I",
            "HorsePowers": "131",
            "Volume": "200",
            "TypeName": "2.0 i",
            "ArticleNumber": "A-83070",
            "Criterias": "[{\"attrId\": 0, \"key\": \"Дата производства от\", \"value\": \"08/00\"}]"
        },
        {
            "Engines": "B204E",
            "HorsePowers": "154",
            "Volume": "200",
            "TypeName": "2.0 Turbo",
            "ArticleNumber": "A-83070",
            "Criterias": "[{\"attrId\": 0, \"key\": \"Дата производства от\", \"value\": \"08/00\"}]"
        },
        {
            "Engines": "B204R",
            "HorsePowers": "200",
            "Volume": "200",
            "TypeName": "2.0 SE Turbo",
            "ArticleNumber": "A-83070",
            "Criterias": "[{\"attrId\": 0, \"key\": \"Дата производства от\", \"value\": \"08/00\"}]"
        },
        {
            "Engines": "B205R",
            "HorsePowers": "205",
            "Volume": "200",
            "TypeName": "2.0 Turbo",
            "ArticleNumber": "A-83070",
            "Criterias": "[{\"attrId\": 0, \"key\": \"Дата производства от\", \"value\": \"08/00\"}]"
        },
        {
            "Engines": "B235R",
            "HorsePowers": "224",
            "Volume": "230",
            "TypeName": "2.3 Turbo",
            "ArticleNumber": "A-83070",
            "Criterias": "[{\"attrId\": 0, \"key\": \"Дата производства от\", \"value\": \"08/00\"}]"
        },
        {
            "Engines": "B205E",
            "HorsePowers": "150",
            "Volume": "200",
            "TypeName": "2.0 Turbo",
            "ArticleNumber": "A-83070",
            "Criterias": "[]"
        }
    ],
    "9-3 (YS3D)": [
        {
            "Engines": "B234I",
            "HorsePowers": "150",
            "Volume": "230",
            "TypeName": "2.3 i",
            "ArticleNumber": "C-1110",
            "Criterias": "[]"
        },
        {
            "Engines": "B204I",
            "HorsePowers": "131",
            "Volume": "200",
            "TypeName": "2.0 i",
            "ArticleNumber": "C-1110",
            "Criterias": "[]"
        },
        {
            "Engines": "B204L,B205E,B205L",
            "HorsePowers": "185",
            "Volume": "200",
            "TypeName": "2.0 Turbo",
            "ArticleNumber": "C-1110",
            "Criterias": "[]"
        },
        {
            "Engines": "B204E",
            "HorsePowers": "154",
            "Volume": "200",
            "TypeName": "2.0 Turbo",
            "ArticleNumber": "C-1110",
            "Criterias": "[]"
        },
        {
            "Engines": "B204R",
            "HorsePowers": "200",
            "Volume": "200",
            "TypeName": "2.0 SE Turbo",
            "ArticleNumber": "C-1110",
            "Criterias": "[]"
        },
        {
            "Engines": "B235R",
            "HorsePowers": "224",
            "Volume": "230",
            "TypeName": "2.3 Turbo",
            "ArticleNumber": "C-1110",
            "Criterias": "[]"
        },
        {
            "Engines": "B205R",
            "HorsePowers": "205",
            "Volume": "200",
            "TypeName": "2.0 Turbo",
            "ArticleNumber": "C-1110",
            "Criterias": "[]"
        },
        {
            "Engines": "B205E",
            "HorsePowers": "150",
            "Volume": "200",
            "TypeName": "2.0 Turbo",
            "ArticleNumber": "C-1110",
            "Criterias": "[]"
        },
        {
            "Engines": "B234I",
            "HorsePowers": "150",
            "Volume": "230",
            "TypeName": "2.3 i",
            "ArticleNumber": "FS-2401",
            "Criterias": "[]"
        },
        {
            "Engines": "B204I",
            "HorsePowers": "131",
            "Volume": "200",
            "TypeName": "2.0 i",
            "ArticleNumber": "FS-2401",
            "Criterias": "[]"
        },
        {
            "Engines": "B204L,B205E,B205L",
            "HorsePowers": "185",
            "Volume": "200",
            "TypeName": "2.0 Turbo",
            "ArticleNumber": "FS-2401",
            "Criterias": "[]"
        },
        {
            "Engines": "B204E",
            "HorsePowers": "154",
            "Volume": "200",
            "TypeName": "2.0 Turbo",
            "ArticleNumber": "FS-2401",
            "Criterias": "[]"
        },
        {
            "Engines": "B204R",
            "HorsePowers": "200",
            "Volume": "200",
            "TypeName": "2.0 SE Turbo",
            "ArticleNumber": "FS-2401",
            "Criterias": "[]"
        },
        {
            "Engines": "B235R",
            "HorsePowers": "224",
            "Volume": "230",
            "TypeName": "2.3 Turbo",
            "ArticleNumber": "FS-2401",
            "Criterias": "[]"
        },
        {
            "Engines": "B205R",
            "HorsePowers": "205",
            "Volume": "200",
            "TypeName": "2.0 Turbo",
            "ArticleNumber": "FS-2401",
            "Criterias": "[]"
        },
        {
            "Engines": "B205E",
            "HorsePowers": "150",
            "Volume": "200",
            "TypeName": "2.0 Turbo",
            "ArticleNumber": "FS-2401",
            "Criterias": "[]"
        },
        {
            "Engines": "B234I",
            "HorsePowers": "150",
            "Volume": "230",
            "TypeName": "2.3 i",
            "ArticleNumber": "A-83070",
            "Criterias": "[{\"attrId\": 0, \"key\": \"Дата производства от\", \"value\": \"08/00\"}]"
        },
        {
            "Engines": "B204I",
            "HorsePowers": "131",
            "Volume": "200",
            "TypeName": "2.0 i",
            "ArticleNumber": "A-83070",
            "Criterias": "[{\"attrId\": 0, \"key\": \"Дата производства от\", \"value\": \"08/00\"}]"
        },
        {
            "Engines": "B204L,B205E,B205L",
            "HorsePowers": "185",
            "Volume": "200",
            "TypeName": "2.0 Turbo",
            "ArticleNumber": "A-83070",
            "Criterias": "[{\"attrId\": 0, \"key\": \"Дата производства от\", \"value\": \"08/00\"}]"
        },
        {
            "Engines": "B204E",
            "HorsePowers": "154",
            "Volume": "200",
            "TypeName": "2.0 Turbo",
            "ArticleNumber": "A-83070",
            "Criterias": "[{\"attrId\": 0, \"key\": \"Дата производства от\", \"value\": \"08/00\"}]"
        },
        {
            "Engines": "B204R",
            "HorsePowers": "200",
            "Volume": "200",
            "TypeName": "2.0 SE Turbo",
            "ArticleNumber": "A-83070",
            "Criterias": "[{\"attrId\": 0, \"key\": \"Дата производства от\", \"value\": \"08/00\"}]"
        },
        {
            "Engines": "B235R",
            "HorsePowers": "224",
            "Volume": "230",
            "TypeName": "2.3 Turbo",
            "ArticleNumber": "A-83070",
            "Criterias": "[{\"attrId\": 0, \"key\": \"Дата производства от\", \"value\": \"08/00\"}]"
        },
        {
            "Engines": "B205R",
            "HorsePowers": "205",
            "Volume": "200",
            "TypeName": "2.0 Turbo",
            "ArticleNumber": "A-83070",
            "Criterias": "[{\"attrId\": 0, \"key\": \"Дата производства от\", \"value\": \"08/00\"}]"
        },
        {
            "Engines": "B205E",
            "HorsePowers": "150",
            "Volume": "200",
            "TypeName": "2.0 Turbo",
            "ArticleNumber": "A-83070",
            "Criterias": "[]"
        }
    ],
    "9-5 (YS3E)": [
        {
            "Engines": "B205E",
            "HorsePowers": "150",
            "Volume": "200",
            "TypeName": "2.0 t",
            "ArticleNumber": "C-1110",
            "Criterias": "[]"
        },
        {
            "Engines": "B235E",
            "HorsePowers": "170",
            "Volume": "230",
            "TypeName": "2.3 t",
            "ArticleNumber": "C-1110",
            "Criterias": "[]"
        },
        {
            "Engines": "B308E",
            "HorsePowers": "200",
            "Volume": "300",
            "TypeName": "3.0 V6t",
            "ArticleNumber": "C-1110",
            "Criterias": "[]"
        },
        {
            "Engines": "B235R",
            "HorsePowers": "260",
            "Volume": "230",
            "TypeName": "2.3 Turbo",
            "ArticleNumber": "C-1110",
            "Criterias": "[]"
        },
        {
            "Engines": "B205L",
            "HorsePowers": "185",
            "Volume": "200",
            "TypeName": "2.0 t",
            "ArticleNumber": "C-1110",
            "Criterias": "[]"
        },
        {
            "Engines": "B235L",
            "HorsePowers": "220",
            "Volume": "230",
            "TypeName": "2.3 Turbo",
            "ArticleNumber": "C-1110",
            "Criterias": "[]"
        },
        {
            "Engines": "B235R",
            "HorsePowers": "230",
            "Volume": "230",
            "TypeName": "2.3 Turbo",
            "ArticleNumber": "C-1110",
            "Criterias": "[]"
        },
        {
            "Engines": "B235E",
            "HorsePowers": "185",
            "Volume": "230",
            "TypeName": "2.3 t",
            "ArticleNumber": "C-1110",
            "Criterias": "[]"
        },
        {
            "Engines": "B235R",
            "HorsePowers": "250",
            "Volume": "230",
            "TypeName": "2.3 Turbo",
            "ArticleNumber": "C-1110",
            "Criterias": "[]"
        },
        {
            "Engines": "B205E",
            "HorsePowers": "150",
            "Volume": "200",
            "TypeName": "2.0 t",
            "ArticleNumber": "FS-2301",
            "Criterias": "[{\"attrId\": 0, \"key\": \"Модельный год от\", \"value\": \"2006\"}]"
        },
        {
            "Engines": "B235R",
            "HorsePowers": "260",
            "Volume": "230",
            "TypeName": "2.3 Turbo",
            "ArticleNumber": "FS-2301",
            "Criterias": "[{\"attrId\": 0, \"key\": \"Модельный год от\", \"value\": \"2006\"}]"
        },
        {
            "Engines": "B235L",
            "HorsePowers": "220",
            "Volume": "230",
            "TypeName": "2.3 Turbo",
            "ArticleNumber": "FS-2301",
            "Criterias": "[{\"attrId\": 0, \"key\": \"Модельный год от\", \"value\": \"2006\"}]"
        },
        {
            "Engines": "B235E",
            "HorsePowers": "185",
            "Volume": "230",
            "TypeName": "2.3 t",
            "ArticleNumber": "FS-2301",
            "Criterias": "[{\"attrId\": 0, \"key\": \"Модельный год от\", \"value\": \"2006\"}]"
        },
        {
            "Engines": "B205E",
            "HorsePowers": "150",
            "Volume": "200",
            "TypeName": "2.0 t",
            "ArticleNumber": "FS-2401",
            "Criterias": "[{\"attrId\": 0, \"key\": \"Модельный год до\", \"value\": \"2005\"}]"
        }
    ],
    "9000 Хэтчбэк": [
        {
            "Engines": "B202",
            "HorsePowers": "172",
            "Volume": "200",
            "TypeName": "2.0 -16 Turbo",
            "ArticleNumber": "C-1110",
            "Criterias": "[]"
        },
        {
            "Engines": "B204I",
            "HorsePowers": "131",
            "Volume": "200",
            "TypeName": "2.0 -16 CS",
            "ArticleNumber": "C-1110",
            "Criterias": "[]"
        },
        {
            "Engines": "B234R",
            "HorsePowers": "224",
            "Volume": "230",
            "TypeName": "2.3 -16 Aero CS",
            "ArticleNumber": "C-1110",
            "Criterias": "[]"
        },
        {
            "Engines": "B234R",
            "HorsePowers": "220",
            "Volume": "230",
            "TypeName": "2.3 -16 Aero CS",
            "ArticleNumber": "C-1110",
            "Criterias": "[]"
        },
        {
            "Engines": "B234L",
            "HorsePowers": "200",
            "Volume": "230",
            "TypeName": "2.3 -16 Turbo CSE",
            "ArticleNumber": "C-1110",
            "Criterias": "[]"
        },
        {
            "Engines": "B234L",
            "HorsePowers": "195",
            "Volume": "230",
            "TypeName": "2.3 -16 Turbo",
            "ArticleNumber": "C-1110",
            "Criterias": "[]"
        },
        {
            "Engines": "B234E",
            "HorsePowers": "170",
            "Volume": "230",
            "TypeName": "2.3 -16 CSE Eco Power",
            "ArticleNumber": "C-1110",
            "Criterias": "[]"
        },
        {
            "Engines": "B234I",
            "HorsePowers": "147",
            "Volume": "230",
            "TypeName": "2.3 -16 CSE",
            "ArticleNumber": "C-1110",
            "Criterias": "[]"
        },
        {
            "Engines": "B234I",
            "HorsePowers": "146",
            "Volume": "230",
            "TypeName": "2.3 -16 CS",
            "ArticleNumber": "C-1110",
            "Criterias": "[]"
        },
        {
            "Engines": "B202L",
            "HorsePowers": "185",
            "Volume": "200",
            "TypeName": "2.0 -16 Turbo CS",
            "ArticleNumber": "C-1110",
            "Criterias": "[]"
        },
        {
            "Engines": "B202XL",
            "HorsePowers": "163",
            "Volume": "200",
            "TypeName": "2.0 -16 Turbo",
            "ArticleNumber": "C-1110",
            "Criterias": "[]"
        },
        {
            "Engines": "B202S,B204E,B204S",
            "HorsePowers": "150",
            "Volume": "200",
            "TypeName": "2.0 -16 ND Turbo",
            "ArticleNumber": "C-1110",
            "Criterias": "[]"
        },
        {
            "Engines": "B202I,B202XI",
            "HorsePowers": "128",
            "Volume": "200",
            "TypeName": "2.0 -16 CS",
            "ArticleNumber": "C-1110",
            "Criterias": "[]"
        },
        {
            "Engines": "B202",
            "HorsePowers": "172",
            "Volume": "200",
            "TypeName": "2.0 -16 Turbo",
            "ArticleNumber": "FS-2401",
            "Criterias": "[]"
        },
        {
            "Engines": "B204I",
            "HorsePowers": "131",
            "Volume": "200",
            "TypeName": "2.0 -16 CS",
            "ArticleNumber": "FS-2401",
            "Criterias": "[]"
        },
        {
            "Engines": "B234R",
            "HorsePowers": "224",
            "Volume": "230",
            "TypeName": "2.3 -16 Aero CS",
            "ArticleNumber": "FS-2401",
            "Criterias": "[]"
        },
        {
            "Engines": "B308I",
            "HorsePowers": "211",
            "Volume": "300",
            "TypeName": "3.0 -24 V6 CS/CSE",
            "ArticleNumber": "FS-2401",
            "Criterias": "[]"
        },
        {
            "Engines": "B234R",
            "HorsePowers": "220",
            "Volume": "230",
            "TypeName": "2.3 -16 Aero CS",
            "ArticleNumber": "FS-2401",
            "Criterias": "[]"
        },
        {
            "Engines": "B234L",
            "HorsePowers": "200",
            "Volume": "230",
            "TypeName": "2.3 -16 Turbo CSE",
            "ArticleNumber": "FS-2401",
            "Criterias": "[]"
        },
        {
            "Engines": "B234L",
            "HorsePowers": "195",
            "Volume": "230",
            "TypeName": "2.3 -16 Turbo",
            "ArticleNumber": "FS-2401",
            "Criterias": "[]"
        },
        {
            "Engines": "B234E",
            "HorsePowers": "170",
            "Volume": "230",
            "TypeName": "2.3 -16 CSE Eco Power",
            "ArticleNumber": "FS-2401",
            "Criterias": "[]"
        },
        {
            "Engines": "B234I",
            "HorsePowers": "147",
            "Volume": "230",
            "TypeName": "2.3 -16 CSE",
            "ArticleNumber": "FS-2401",
            "Criterias": "[]"
        },
        {
            "Engines": "B234I",
            "HorsePowers": "146",
            "Volume": "230",
            "TypeName": "2.3 -16 CS",
            "ArticleNumber": "FS-2401",
            "Criterias": "[]"
        },
        {
            "Engines": "B202L",
            "HorsePowers": "185",
            "Volume": "200",
            "TypeName": "2.0 -16 Turbo CS",
            "ArticleNumber": "FS-2401",
            "Criterias": "[]"
        },
        {
            "Engines": "B202XL",
            "HorsePowers": "163",
            "Volume": "200",
            "TypeName": "2.0 -16 Turbo",
            "ArticleNumber": "FS-2401",
            "Criterias": "[]"
        },
        {
            "Engines": "B202S,B204E,B204S",
            "HorsePowers": "150",
            "Volume": "200",
            "TypeName": "2.0 -16 ND Turbo",
            "ArticleNumber": "FS-2401",
            "Criterias": "[]"
        },
        {
            "Engines": "B202I,B202XI",
            "HorsePowers": "128",
            "Volume": "200",
            "TypeName": "2.0 -16 CS",
            "ArticleNumber": "FS-2401",
            "Criterias": "[]"
        },
        {
            "Engines": "B202",
            "HorsePowers": "172",
            "Volume": "200",
            "TypeName": "2.0 -16 Turbo",
            "ArticleNumber": "A-83080",
            "Criterias": "[]"
        },
        {
            "Engines": "B204I",
            "HorsePowers": "131",
            "Volume": "200",
            "TypeName": "2.0 -16 CS",
            "ArticleNumber": "A-83080",
            "Criterias": "[]"
        },
        {
            "Engines": "B234R",
            "HorsePowers": "224",
            "Volume": "230",
            "TypeName": "2.3 -16 Aero CS",
            "ArticleNumber": "A-83080",
            "Criterias": "[]"
        },
        {
            "Engines": "B234R",
            "HorsePowers": "220",
            "Volume": "230",
            "TypeName": "2.3 -16 Aero CS",
            "ArticleNumber": "A-83080",
            "Criterias": "[]"
        },
        {
            "Engines": "B234L",
            "HorsePowers": "200",
            "Volume": "230",
            "TypeName": "2.3 -16 Turbo CSE",
            "ArticleNumber": "A-83080",
            "Criterias": "[]"
        },
        {
            "Engines": "B234L",
            "HorsePowers": "195",
            "Volume": "230",
            "TypeName": "2.3 -16 Turbo",
            "ArticleNumber": "A-83080",
            "Criterias": "[]"
        },
        {
            "Engines": "B234E",
            "HorsePowers": "170",
            "Volume": "230",
            "TypeName": "2.3 -16 CSE Eco Power",
            "ArticleNumber": "A-83080",
            "Criterias": "[]"
        },
        {
            "Engines": "B234I",
            "HorsePowers": "147",
            "Volume": "230",
            "TypeName": "2.3 -16 CSE",
            "ArticleNumber": "A-83080",
            "Criterias": "[]"
        },
        {
            "Engines": "B234I",
            "HorsePowers": "146",
            "Volume": "230",
            "TypeName": "2.3 -16 CS",
            "ArticleNumber": "A-83080",
            "Criterias": "[]"
        },
        {
            "Engines": "B202L",
            "HorsePowers": "185",
            "Volume": "200",
            "TypeName": "2.0 -16 Turbo CS",
            "ArticleNumber": "A-83080",
            "Criterias": "[]"
        },
        {
            "Engines": "B202XL",
            "HorsePowers": "163",
            "Volume": "200",
            "TypeName": "2.0 -16 Turbo",
            "ArticleNumber": "A-83080",
            "Criterias": "[]"
        },
        {
            "Engines": "B202S,B204E,B204S",
            "HorsePowers": "150",
            "Volume": "200",
            "TypeName": "2.0 -16 ND Turbo",
            "ArticleNumber": "A-83080",
            "Criterias": "[]"
        },
        {
            "Engines": "B202I,B202XI",
            "HorsePowers": "128",
            "Volume": "200",
            "TypeName": "2.0 -16 CS",
            "ArticleNumber": "A-83080",
            "Criterias": "[]"
        }
    ],
    "9-7X": [
        {
            "Engines": "LH6(325CUV8)",
            "HorsePowers": "299",
            "Volume": "530",
            "TypeName": "5.3 AWD",
            "ArticleNumber": "C-7971",
            "Criterias": "[{\"attrId\": 0, \"key\": \"Модельный год от\", \"value\": \"2007\"}]"
        },
        {
            "Engines": "LH6(325CUV8)",
            "HorsePowers": "299",
            "Volume": "530",
            "TypeName": "5.3 AWD",
            "ArticleNumber": "C-6526",
            "Criterias": "[{\"attrId\": 0, \"key\": \"Модельный год до\", \"value\": \"2006\"}]"
        },
        {
            "Engines": "LL8(254CUL6)",
            "HorsePowers": "290",
            "Volume": "420",
            "TypeName": "4.2 AWD",
            "ArticleNumber": "C-65380",
            "Criterias": "[]"
        },
        {
            "Engines": "LL8(254CUL6)",
            "HorsePowers": "290",
            "Volume": "420",
            "TypeName": "4.2 AWD",
            "ArticleNumber": "A-6536",
            "Criterias": "[]"
        },
        {
            "Engines": "LH6(325CUV8)",
            "HorsePowers": "299",
            "Volume": "530",
            "TypeName": "5.3 AWD",
            "ArticleNumber": "A-6536",
            "Criterias": "[]"
        },
        {
            "Engines": "LL8(254CUL6)",
            "HorsePowers": "290",
            "Volume": "420",
            "TypeName": "4.2 AWD",
            "ArticleNumber": "TE-23040",
            "Criterias": "[]"
        },
        {
            "Engines": "LH6(325CUV8)",
            "HorsePowers": "299",
            "Volume": "530",
            "TypeName": "5.3 AWD",
            "ArticleNumber": "TE-23040",
            "Criterias": "[]"
        }
    ]
}