{
    "VUE SUV": [
        {
            "Engines": "L81(181CUV6)",
            "HorsePowers": "184",
            "Volume": "300",
            "TypeName": "3.0 AWD",
            "ArticleNumber": "CA-6514",
            "Criterias": "[]"
        },
        {
            "Engines": "L61",
            "HorsePowers": "146",
            "Volume": "220",
            "TypeName": "2.2 AWD",
            "ArticleNumber": "CA-6514",
            "Criterias": "[]"
        },
        {
            "Engines": "L81(181CUV6)",
            "HorsePowers": "184",
            "Volume": "300",
            "TypeName": "3.0 AWD",
            "ArticleNumber": "CAB-6514",
            "Criterias": "[]"
        },
        {
            "Engines": "L61",
            "HorsePowers": "146",
            "Volume": "220",
            "TypeName": "2.2 AWD",
            "ArticleNumber": "CAB-6514",
            "Criterias": "[]"
        },
        {
            "Engines": "L81(181CUV6)",
            "HorsePowers": "184",
            "Volume": "300",
            "TypeName": "3.0 AWD",
            "ArticleNumber": "EO-2301",
            "Criterias": "[]"
        },
        {
            "Engines": "L61",
            "HorsePowers": "146",
            "Volume": "220",
            "TypeName": "2.2 AWD",
            "ArticleNumber": "EO-6507",
            "Criterias": "[]"
        },
        {
            "Engines": "L81(181CUV6)",
            "HorsePowers": "184",
            "Volume": "300",
            "TypeName": "3.0 AWD",
            "ArticleNumber": "CAC-6514",
            "Criterias": "[]"
        },
        {
            "Engines": "L61",
            "HorsePowers": "146",
            "Volume": "220",
            "TypeName": "2.2 AWD",
            "ArticleNumber": "CAC-6514",
            "Criterias": "[]"
        },
        {
            "Engines": "LAT",
            "HorsePowers": "171",
            "Volume": "240",
            "TypeName": "2.4",
            "ArticleNumber": "3571-8501",
            "Criterias": "[]"
        },
        {
            "Engines": "L81(181CUV6)",
            "HorsePowers": "184",
            "Volume": "300",
            "TypeName": "3.0 AWD",
            "ArticleNumber": "A-4913",
            "Criterias": "[]"
        },
        {
            "Engines": "L61",
            "HorsePowers": "146",
            "Volume": "220",
            "TypeName": "2.2 AWD",
            "ArticleNumber": "A-4913",
            "Criterias": "[]"
        }
    ]
}