{
    "xB вэн": [
        {
            "Engines": "1NZ-FE",
            "HorsePowers": "110",
            "Volume": "150",
            "TypeName": "1.5",
            "ArticleNumber": "CA-3300",
            "Criterias": "[]"
        },
        {
            "Engines": "1NZ-FE",
            "HorsePowers": "110",
            "Volume": "150",
            "TypeName": "1.5",
            "ArticleNumber": "CAC-3300",
            "Criterias": "[]"
        },
        {
            "Engines": "1NZ-FE",
            "HorsePowers": "110",
            "Volume": "150",
            "TypeName": "1.5",
            "ArticleNumber": "C-1109",
            "Criterias": "[]"
        },
        {
            "Engines": "1NZ-FE",
            "HorsePowers": "110",
            "Volume": "150",
            "TypeName": "1.5",
            "ArticleNumber": "FS-1149",
            "Criterias": "[]"
        },
        {
            "Engines": "1NZ-FE",
            "HorsePowers": "110",
            "Volume": "150",
            "TypeName": "1.5",
            "ArticleNumber": "3461-1011",
            "Criterias": "[]"
        },
        {
            "Engines": "1NZ-FE",
            "HorsePowers": "110",
            "Volume": "150",
            "TypeName": "1.5",
            "ArticleNumber": "A-1178",
            "Criterias": "[]"
        },
        {
            "Engines": "1NZ-FE",
            "HorsePowers": "110",
            "Volume": "150",
            "TypeName": "1.5",
            "ArticleNumber": "TE-11050",
            "Criterias": "[]"
        }
    ],
    "xA Хэтчбэк": [
        {
            "Engines": "1NZ-FE",
            "HorsePowers": "105",
            "Volume": "150",
            "TypeName": "1.5",
            "ArticleNumber": "CA-3300",
            "Criterias": "[]"
        },
        {
            "Engines": "1NZ-FE",
            "HorsePowers": "105",
            "Volume": "150",
            "TypeName": "1.5",
            "ArticleNumber": "CAC-3300",
            "Criterias": "[]"
        },
        {
            "Engines": "1NZ-FE",
            "HorsePowers": "105",
            "Volume": "150",
            "TypeName": "1.5",
            "ArticleNumber": "C-1109",
            "Criterias": "[]"
        },
        {
            "Engines": "1NZ-FE",
            "HorsePowers": "105",
            "Volume": "150",
            "TypeName": "1.5",
            "ArticleNumber": "FS-1149",
            "Criterias": "[]"
        },
        {
            "Engines": "1NZ-FE",
            "HorsePowers": "105",
            "Volume": "150",
            "TypeName": "1.5",
            "ArticleNumber": "3461-1011",
            "Criterias": "[]"
        },
        {
            "Engines": "1NZ-FE",
            "HorsePowers": "105",
            "Volume": "150",
            "TypeName": "1.5",
            "ArticleNumber": "A-1178",
            "Criterias": "[]"
        },
        {
            "Engines": "1NZ-FE",
            "HorsePowers": "105",
            "Volume": "150",
            "TypeName": "1.5",
            "ArticleNumber": "TE-11050",
            "Criterias": "[]"
        }
    ],
    "tC купе": [
        {
            "Engines": "2AZ-FE",
            "HorsePowers": "163",
            "Volume": "240",
            "TypeName": "2.4",
            "ArticleNumber": "3461-1051",
            "Criterias": "[]"
        }
    ],
    "xD Хэтчбэк": [
        {
            "Engines": "2ZR-FE",
            "HorsePowers": "129",
            "Volume": "180",
            "TypeName": "1.8",
            "ArticleNumber": "3461-8510",
            "Criterias": "[]"
        }
    ]
}