{
    "ROADSTER (452)": [
        {
            "Engines": "M 160.921",
            "HorsePowers": "61",
            "Volume": "70",
            "TypeName": "0.7 (452.432)",
            "ArticleNumber": "CAB-1002",
            "Criterias": "[]"
        },
        {
            "Engines": "M 160.923",
            "HorsePowers": "101",
            "Volume": "70",
            "TypeName": "0.7 Brabus (452.437)",
            "ArticleNumber": "CAB-1002",
            "Criterias": "[]"
        },
        {
            "Engines": "M 160.922",
            "HorsePowers": "82",
            "Volume": "70",
            "TypeName": "0.7 (452.434)",
            "ArticleNumber": "CAB-1002",
            "Criterias": "[]"
        },
        {
            "Engines": "M 160.921",
            "HorsePowers": "61",
            "Volume": "70",
            "TypeName": "0.7 (452.432)",
            "ArticleNumber": "CAC-1002",
            "Criterias": "[]"
        },
        {
            "Engines": "M 160.923",
            "HorsePowers": "101",
            "Volume": "70",
            "TypeName": "0.7 Brabus (452.437)",
            "ArticleNumber": "CAC-1002",
            "Criterias": "[]"
        },
        {
            "Engines": "M 160.922",
            "HorsePowers": "82",
            "Volume": "70",
            "TypeName": "0.7 (452.434)",
            "ArticleNumber": "CAC-1002",
            "Criterias": "[]"
        },
        {
            "Engines": "M 160.921",
            "HorsePowers": "61",
            "Volume": "70",
            "TypeName": "0.7 (452.432)",
            "ArticleNumber": "EO-2627",
            "Criterias": "[]"
        },
        {
            "Engines": "M 160.923",
            "HorsePowers": "101",
            "Volume": "70",
            "TypeName": "0.7 Brabus (452.437)",
            "ArticleNumber": "EO-2627",
            "Criterias": "[]"
        },
        {
            "Engines": "M 160.922",
            "HorsePowers": "82",
            "Volume": "70",
            "TypeName": "0.7 (452.434)",
            "ArticleNumber": "EO-2627",
            "Criterias": "[]"
        },
        {
            "Engines": "M 160.921",
            "HorsePowers": "61",
            "Volume": "70",
            "TypeName": "0.7 (452.432)",
            "ArticleNumber": "CA-1002",
            "Criterias": "[]"
        },
        {
            "Engines": "M 160.923",
            "HorsePowers": "101",
            "Volume": "70",
            "TypeName": "0.7 Brabus (452.437)",
            "ArticleNumber": "CA-1002",
            "Criterias": "[]"
        },
        {
            "Engines": "M 160.922",
            "HorsePowers": "82",
            "Volume": "70",
            "TypeName": "0.7 (452.434)",
            "ArticleNumber": "CA-1002",
            "Criterias": "[]"
        },
        {
            "Engines": "M 160.921",
            "HorsePowers": "61",
            "Volume": "70",
            "TypeName": "0.7 (452.432)",
            "ArticleNumber": "FS-2102",
            "Criterias": "[]"
        },
        {
            "Engines": "M 160.923",
            "HorsePowers": "101",
            "Volume": "70",
            "TypeName": "0.7 Brabus (452.437)",
            "ArticleNumber": "FS-2102",
            "Criterias": "[]"
        },
        {
            "Engines": "M 160.922",
            "HorsePowers": "82",
            "Volume": "70",
            "TypeName": "0.7 (452.434)",
            "ArticleNumber": "FS-2102",
            "Criterias": "[]"
        }
    ],
    "FORFOUR (454)": [
        {
            "Engines": "M 134.910",
            "HorsePowers": "75",
            "Volume": "110",
            "TypeName": "1.1 (454.030)",
            "ArticleNumber": "CAB-1002",
            "Criterias": "[]"
        },
        {
            "Engines": "M 135.930",
            "HorsePowers": "95",
            "Volume": "130",
            "TypeName": "1.3 (454.031)",
            "ArticleNumber": "CAB-1002",
            "Criterias": "[]"
        },
        {
            "Engines": "M 135.950",
            "HorsePowers": "109",
            "Volume": "150",
            "TypeName": "1.5 (454.032)",
            "ArticleNumber": "CAB-1002",
            "Criterias": "[]"
        },
        {
            "Engines": "OM 639.939",
            "HorsePowers": "68",
            "Volume": "150",
            "TypeName": "1.5 CDI (454.000)",
            "ArticleNumber": "CAB-1002",
            "Criterias": "[]"
        },
        {
            "Engines": "OM 639.939",
            "HorsePowers": "95",
            "Volume": "150",
            "TypeName": "1.5 CDI (454.001)",
            "ArticleNumber": "CAB-1002",
            "Criterias": "[]"
        },
        {
            "Engines": "M 122.950",
            "HorsePowers": "177",
            "Volume": "150",
            "TypeName": "1.5 BRABUS (454.034)",
            "ArticleNumber": "CAB-1002",
            "Criterias": "[]"
        },
        {
            "Engines": "M 134.910,M 134.911",
            "HorsePowers": "64",
            "Volume": "110",
            "TypeName": "1.1 (454.033)",
            "ArticleNumber": "CAB-1002",
            "Criterias": "[]"
        },
        {
            "Engines": "M 135.950",
            "HorsePowers": "122",
            "Volume": "150",
            "TypeName": "1.5 (454.032)",
            "ArticleNumber": "CAB-1002",
            "Criterias": "[]"
        },
        {
            "Engines": "M 134.910",
            "HorsePowers": "75",
            "Volume": "110",
            "TypeName": "1.1 (454.030)",
            "ArticleNumber": "CAC-1002",
            "Criterias": "[]"
        },
        {
            "Engines": "M 135.930",
            "HorsePowers": "95",
            "Volume": "130",
            "TypeName": "1.3 (454.031)",
            "ArticleNumber": "CAC-1002",
            "Criterias": "[]"
        },
        {
            "Engines": "M 135.950",
            "HorsePowers": "109",
            "Volume": "150",
            "TypeName": "1.5 (454.032)",
            "ArticleNumber": "CAC-1002",
            "Criterias": "[]"
        },
        {
            "Engines": "OM 639.939",
            "HorsePowers": "68",
            "Volume": "150",
            "TypeName": "1.5 CDI (454.000)",
            "ArticleNumber": "CAC-1002",
            "Criterias": "[]"
        },
        {
            "Engines": "OM 639.939",
            "HorsePowers": "95",
            "Volume": "150",
            "TypeName": "1.5 CDI (454.001)",
            "ArticleNumber": "CAC-1002",
            "Criterias": "[]"
        },
        {
            "Engines": "M 122.950",
            "HorsePowers": "177",
            "Volume": "150",
            "TypeName": "1.5 BRABUS (454.034)",
            "ArticleNumber": "CAC-1002",
            "Criterias": "[]"
        },
        {
            "Engines": "M 134.910,M 134.911",
            "HorsePowers": "64",
            "Volume": "110",
            "TypeName": "1.1 (454.033)",
            "ArticleNumber": "CAC-1002",
            "Criterias": "[]"
        },
        {
            "Engines": "M 135.950",
            "HorsePowers": "122",
            "Volume": "150",
            "TypeName": "1.5 (454.032)",
            "ArticleNumber": "CAC-1002",
            "Criterias": "[]"
        },
        {
            "Engines": "M 122.950",
            "HorsePowers": "177",
            "Volume": "150",
            "TypeName": "1.5 BRABUS (454.034)",
            "ArticleNumber": "C-1013",
            "Criterias": "[]"
        },
        {
            "Engines": "M 134.910",
            "HorsePowers": "75",
            "Volume": "110",
            "TypeName": "1.1 (454.030)",
            "ArticleNumber": "C-1038",
            "Criterias": "[]"
        },
        {
            "Engines": "M 135.930",
            "HorsePowers": "95",
            "Volume": "130",
            "TypeName": "1.3 (454.031)",
            "ArticleNumber": "C-1038",
            "Criterias": "[]"
        },
        {
            "Engines": "M 135.950",
            "HorsePowers": "109",
            "Volume": "150",
            "TypeName": "1.5 (454.032)",
            "ArticleNumber": "C-1038",
            "Criterias": "[]"
        },
        {
            "Engines": "M 134.910,M 134.911",
            "HorsePowers": "64",
            "Volume": "110",
            "TypeName": "1.1 (454.033)",
            "ArticleNumber": "C-1038",
            "Criterias": "[]"
        },
        {
            "Engines": "M 135.950",
            "HorsePowers": "122",
            "Volume": "150",
            "TypeName": "1.5 (454.032)",
            "ArticleNumber": "C-1038",
            "Criterias": "[]"
        },
        {
            "Engines": "M 134.910",
            "HorsePowers": "75",
            "Volume": "110",
            "TypeName": "1.1 (454.030)",
            "ArticleNumber": "CA-1002",
            "Criterias": "[]"
        },
        {
            "Engines": "M 135.930",
            "HorsePowers": "95",
            "Volume": "130",
            "TypeName": "1.3 (454.031)",
            "ArticleNumber": "CA-1002",
            "Criterias": "[]"
        },
        {
            "Engines": "M 135.950",
            "HorsePowers": "109",
            "Volume": "150",
            "TypeName": "1.5 (454.032)",
            "ArticleNumber": "CA-1002",
            "Criterias": "[]"
        },
        {
            "Engines": "OM 639.939",
            "HorsePowers": "68",
            "Volume": "150",
            "TypeName": "1.5 CDI (454.000)",
            "ArticleNumber": "CA-1002",
            "Criterias": "[]"
        },
        {
            "Engines": "OM 639.939",
            "HorsePowers": "95",
            "Volume": "150",
            "TypeName": "1.5 CDI (454.001)",
            "ArticleNumber": "CA-1002",
            "Criterias": "[]"
        },
        {
            "Engines": "M 122.950",
            "HorsePowers": "177",
            "Volume": "150",
            "TypeName": "1.5 BRABUS (454.034)",
            "ArticleNumber": "CA-1002",
            "Criterias": "[]"
        },
        {
            "Engines": "M 134.910,M 134.911",
            "HorsePowers": "64",
            "Volume": "110",
            "TypeName": "1.1 (454.033)",
            "ArticleNumber": "CA-1002",
            "Criterias": "[]"
        },
        {
            "Engines": "M 135.950",
            "HorsePowers": "122",
            "Volume": "150",
            "TypeName": "1.5 (454.032)",
            "ArticleNumber": "CA-1002",
            "Criterias": "[]"
        },
        {
            "Engines": "OM 639.939",
            "HorsePowers": "68",
            "Volume": "150",
            "TypeName": "1.5 CDI (454.000)",
            "ArticleNumber": "C-2603",
            "Criterias": "[]"
        },
        {
            "Engines": "OM 639.939",
            "HorsePowers": "95",
            "Volume": "150",
            "TypeName": "1.5 CDI (454.001)",
            "ArticleNumber": "C-2603",
            "Criterias": "[]"
        },
        {
            "Engines": "OM 639.939",
            "HorsePowers": "68",
            "Volume": "150",
            "TypeName": "1.5 CDI (454.000)",
            "ArticleNumber": "FS-26080",
            "Criterias": "[]"
        },
        {
            "Engines": "OM 639.939",
            "HorsePowers": "95",
            "Volume": "150",
            "TypeName": "1.5 CDI (454.001)",
            "ArticleNumber": "FS-26080",
            "Criterias": "[]"
        },
        {
            "Engines": "M 134.910",
            "HorsePowers": "75",
            "Volume": "110",
            "TypeName": "1.1 (454.030)",
            "ArticleNumber": "A-1076",
            "Criterias": "[]"
        },
        {
            "Engines": "M 135.930",
            "HorsePowers": "95",
            "Volume": "130",
            "TypeName": "1.3 (454.031)",
            "ArticleNumber": "A-1076",
            "Criterias": "[]"
        },
        {
            "Engines": "M 135.950",
            "HorsePowers": "109",
            "Volume": "150",
            "TypeName": "1.5 (454.032)",
            "ArticleNumber": "A-1076",
            "Criterias": "[]"
        },
        {
            "Engines": "M 134.910,M 134.911",
            "HorsePowers": "64",
            "Volume": "110",
            "TypeName": "1.1 (454.033)",
            "ArticleNumber": "A-1076",
            "Criterias": "[]"
        },
        {
            "Engines": "M 135.950",
            "HorsePowers": "122",
            "Volume": "150",
            "TypeName": "1.5 (454.032)",
            "ArticleNumber": "A-1076",
            "Criterias": "[]"
        },
        {
            "Engines": "OM 639.939",
            "HorsePowers": "68",
            "Volume": "150",
            "TypeName": "1.5 CDI (454.000)",
            "ArticleNumber": "A-1078",
            "Criterias": "[]"
        },
        {
            "Engines": "OM 639.939",
            "HorsePowers": "95",
            "Volume": "150",
            "TypeName": "1.5 CDI (454.001)",
            "ArticleNumber": "A-1078",
            "Criterias": "[]"
        },
        {
            "Engines": "M 122.950",
            "HorsePowers": "177",
            "Volume": "150",
            "TypeName": "1.5 BRABUS (454.034)",
            "ArticleNumber": "A-1078",
            "Criterias": "[]"
        }
    ],
    "ROADSTER купе (452)": [
        {
            "Engines": "M 160.923",
            "HorsePowers": "101",
            "Volume": "70",
            "TypeName": "0.7 Brabus (452.337)",
            "ArticleNumber": "CAB-1002",
            "Criterias": "[]"
        },
        {
            "Engines": "M 160.921",
            "HorsePowers": "82",
            "Volume": "70",
            "TypeName": "0.7 (452.334)",
            "ArticleNumber": "CAB-1002",
            "Criterias": "[]"
        },
        {
            "Engines": "M 160.922",
            "HorsePowers": "61",
            "Volume": "70",
            "TypeName": "0.7 (452.332)",
            "ArticleNumber": "CAB-1002",
            "Criterias": "[]"
        },
        {
            "Engines": "M 160.923",
            "HorsePowers": "101",
            "Volume": "70",
            "TypeName": "0.7 Brabus (452.337)",
            "ArticleNumber": "CAC-1002",
            "Criterias": "[]"
        },
        {
            "Engines": "M 160.921",
            "HorsePowers": "82",
            "Volume": "70",
            "TypeName": "0.7 (452.334)",
            "ArticleNumber": "CAC-1002",
            "Criterias": "[]"
        },
        {
            "Engines": "M 160.922",
            "HorsePowers": "61",
            "Volume": "70",
            "TypeName": "0.7 (452.332)",
            "ArticleNumber": "CAC-1002",
            "Criterias": "[]"
        },
        {
            "Engines": "M 160.923",
            "HorsePowers": "101",
            "Volume": "70",
            "TypeName": "0.7 Brabus (452.337)",
            "ArticleNumber": "EO-2627",
            "Criterias": "[]"
        },
        {
            "Engines": "M 160.921",
            "HorsePowers": "82",
            "Volume": "70",
            "TypeName": "0.7 (452.334)",
            "ArticleNumber": "EO-2627",
            "Criterias": "[]"
        },
        {
            "Engines": "M 160.922",
            "HorsePowers": "61",
            "Volume": "70",
            "TypeName": "0.7 (452.332)",
            "ArticleNumber": "EO-2627",
            "Criterias": "[]"
        },
        {
            "Engines": "M 160.923",
            "HorsePowers": "101",
            "Volume": "70",
            "TypeName": "0.7 Brabus (452.337)",
            "ArticleNumber": "CA-1002",
            "Criterias": "[]"
        },
        {
            "Engines": "M 160.921",
            "HorsePowers": "82",
            "Volume": "70",
            "TypeName": "0.7 (452.334)",
            "ArticleNumber": "CA-1002",
            "Criterias": "[]"
        },
        {
            "Engines": "M 160.922",
            "HorsePowers": "61",
            "Volume": "70",
            "TypeName": "0.7 (452.332)",
            "ArticleNumber": "CA-1002",
            "Criterias": "[]"
        },
        {
            "Engines": "M 160.923",
            "HorsePowers": "101",
            "Volume": "70",
            "TypeName": "0.7 Brabus (452.337)",
            "ArticleNumber": "FS-2102",
            "Criterias": "[]"
        },
        {
            "Engines": "M 160.921",
            "HorsePowers": "82",
            "Volume": "70",
            "TypeName": "0.7 (452.334)",
            "ArticleNumber": "FS-2102",
            "Criterias": "[]"
        },
        {
            "Engines": "M 160.922",
            "HorsePowers": "61",
            "Volume": "70",
            "TypeName": "0.7 (452.332)",
            "ArticleNumber": "FS-2102",
            "Criterias": "[]"
        }
    ],
    "FORTWO Кабриолет (453)": [
        {
            "Engines": "M 281.910",
            "HorsePowers": "109",
            "Volume": "90",
            "TypeName": "0.9 Brabus (453.462)",
            "ArticleNumber": "EO-18220",
            "Criterias": "[]"
        },
        {
            "Engines": "M 281.910",
            "HorsePowers": "90",
            "Volume": "90",
            "TypeName": "0.9 (453.444, 453.453)",
            "ArticleNumber": "EO-18220",
            "Criterias": "[]"
        },
        {
            "Engines": "M 281.920",
            "HorsePowers": "71",
            "Volume": "100",
            "TypeName": "1.0 (453.442, 453.443)",
            "ArticleNumber": "C-25180",
            "Criterias": "[]"
        }
    ],
    "FORTWO купе (453)": [
        {
            "Engines": "M 281.910",
            "HorsePowers": "109",
            "Volume": "90",
            "TypeName": "0.9 Brabus (453.362)",
            "ArticleNumber": "EO-18220",
            "Criterias": "[]"
        },
        {
            "Engines": "M 281.910",
            "HorsePowers": "90",
            "Volume": "90",
            "TypeName": "0.9 (453.344, 453.353)",
            "ArticleNumber": "EO-18220",
            "Criterias": "[]"
        },
        {
            "Engines": "M 281.920",
            "HorsePowers": "71",
            "Volume": "100",
            "TypeName": "1.0 (453.342, 453.343)",
            "ArticleNumber": "C-25180",
            "Criterias": "[]"
        },
        {
            "Engines": "M 281.920",
            "HorsePowers": "60",
            "Volume": "100",
            "TypeName": "1.0 (453.341)",
            "ArticleNumber": "C-25180",
            "Criterias": "[]"
        }
    ],
    "FORFOUR Хэтчбэк (453)": [
        {
            "Engines": "M 281.910",
            "HorsePowers": "109",
            "Volume": "90",
            "TypeName": "0.9 Brabus (453.062)",
            "ArticleNumber": "EO-18220",
            "Criterias": "[]"
        },
        {
            "Engines": "H4B 409,M 281.910",
            "HorsePowers": "90",
            "Volume": "90",
            "TypeName": "0.9 (453.044, 453.053)",
            "ArticleNumber": "EO-18220",
            "Criterias": "[]"
        },
        {
            "Engines": "M 281.920",
            "HorsePowers": "60",
            "Volume": "100",
            "TypeName": "1.0 (453.041)",
            "ArticleNumber": "C-25180",
            "Criterias": "[]"
        },
        {
            "Engines": "H4DA401,M 281.920",
            "HorsePowers": "71",
            "Volume": "100",
            "TypeName": "1.0 (453.042, 453.043)",
            "ArticleNumber": "C-25180",
            "Criterias": "[]"
        }
    ],
    "CITY-COUPE (450)": [
        {
            "Engines": "M 160.920",
            "HorsePowers": "50",
            "Volume": "70",
            "TypeName": "0.7 (450.330)",
            "ArticleNumber": "EO-2627",
            "Criterias": "[]"
        },
        {
            "Engines": "M 160.920",
            "HorsePowers": "61",
            "Volume": "70",
            "TypeName": "0.7 (450.352, 450.353)",
            "ArticleNumber": "EO-2627",
            "Criterias": "[]"
        },
        {
            "Engines": "M 160.920",
            "HorsePowers": "75",
            "Volume": "70",
            "TypeName": "0.7 (450.333)",
            "ArticleNumber": "EO-2627",
            "Criterias": "[]"
        },
        {
            "Engines": "M 160 E6AL B04,M 160.910",
            "HorsePowers": "45",
            "Volume": "60",
            "TypeName": "0.6 (S1CLB1, 450.331, 450.336)",
            "ArticleNumber": "EO-2627",
            "Criterias": "[]"
        },
        {
            "Engines": "M 160 E6AL B03,M 160.910",
            "HorsePowers": "55",
            "Volume": "60",
            "TypeName": "0.6 (S1CLA1, 450.341)",
            "ArticleNumber": "EO-2627",
            "Criterias": "[]"
        },
        {
            "Engines": "OM 660 DE 8LA,OM 660.940",
            "HorsePowers": "41",
            "Volume": "80",
            "TypeName": "0.8 CDI (S1CLC1, 450.300, 450.301, 450.302, 450.303,...",
            "ArticleNumber": "EO-2627",
            "Criterias": "[]"
        },
        {
            "Engines": "M 160 E6AL B05,M 160.910",
            "HorsePowers": "61",
            "Volume": "60",
            "TypeName": "0.6 (450.352, 450.353)",
            "ArticleNumber": "EO-2627",
            "Criterias": "[]"
        },
        {
            "Engines": "M 160.920",
            "HorsePowers": "50",
            "Volume": "70",
            "TypeName": "0.7 (450.330)",
            "ArticleNumber": "EA-26010",
            "Criterias": "[]"
        },
        {
            "Engines": "M 160.920",
            "HorsePowers": "61",
            "Volume": "70",
            "TypeName": "0.7 (450.352, 450.353)",
            "ArticleNumber": "EA-26010",
            "Criterias": "[]"
        },
        {
            "Engines": "M 160.920",
            "HorsePowers": "75",
            "Volume": "70",
            "TypeName": "0.7 (450.333)",
            "ArticleNumber": "EA-26010",
            "Criterias": "[]"
        },
        {
            "Engines": "M 160 E6AL B04,M 160.910",
            "HorsePowers": "45",
            "Volume": "60",
            "TypeName": "0.6 (S1CLB1, 450.331, 450.336)",
            "ArticleNumber": "EA-26010",
            "Criterias": "[]"
        },
        {
            "Engines": "M 160 E6AL B03,M 160.910",
            "HorsePowers": "55",
            "Volume": "60",
            "TypeName": "0.6 (S1CLA1, 450.341)",
            "ArticleNumber": "EA-26010",
            "Criterias": "[]"
        },
        {
            "Engines": "M 160 E6AL B05,M 160.910",
            "HorsePowers": "61",
            "Volume": "60",
            "TypeName": "0.6 (450.352, 450.353)",
            "ArticleNumber": "EA-26010",
            "Criterias": "[]"
        },
        {
            "Engines": "M 160.920",
            "HorsePowers": "50",
            "Volume": "70",
            "TypeName": "0.7 (450.330)",
            "ArticleNumber": "FS-2102",
            "Criterias": "[]"
        },
        {
            "Engines": "M 160.920",
            "HorsePowers": "61",
            "Volume": "70",
            "TypeName": "0.7 (450.352, 450.353)",
            "ArticleNumber": "FS-2102",
            "Criterias": "[]"
        },
        {
            "Engines": "M 160.920",
            "HorsePowers": "75",
            "Volume": "70",
            "TypeName": "0.7 (450.333)",
            "ArticleNumber": "FS-2102",
            "Criterias": "[]"
        },
        {
            "Engines": "M 160 E6AL B04,M 160.910",
            "HorsePowers": "45",
            "Volume": "60",
            "TypeName": "0.6 (S1CLB1, 450.331, 450.336)",
            "ArticleNumber": "FS-2102",
            "Criterias": "[]"
        },
        {
            "Engines": "M 160 E6AL B03,M 160.910",
            "HorsePowers": "55",
            "Volume": "60",
            "TypeName": "0.6 (S1CLA1, 450.341)",
            "ArticleNumber": "FS-2102",
            "Criterias": "[]"
        },
        {
            "Engines": "M 160 E6AL B05,M 160.910",
            "HorsePowers": "61",
            "Volume": "60",
            "TypeName": "0.6 (450.352, 450.353)",
            "ArticleNumber": "FS-2102",
            "Criterias": "[]"
        }
    ],
    "FORTWO купе (450)": [
        {
            "Engines": "M 160.920",
            "HorsePowers": "50",
            "Volume": "70",
            "TypeName": "0.7 (450.330)",
            "ArticleNumber": "EO-2627",
            "Criterias": "[]"
        },
        {
            "Engines": "M 160.920",
            "HorsePowers": "61",
            "Volume": "70",
            "TypeName": "0.7 (450.352, 450.332)",
            "ArticleNumber": "EO-2627",
            "Criterias": "[]"
        },
        {
            "Engines": "M 160.920",
            "HorsePowers": "75",
            "Volume": "70",
            "TypeName": "0.7 (450.333)",
            "ArticleNumber": "EO-2627",
            "Criterias": "[]"
        },
        {
            "Engines": "OM 660.940",
            "HorsePowers": "41",
            "Volume": "80",
            "TypeName": "0.8 CDI (450.300, 450.301, 450.302, 450.303, 450.306)",
            "ArticleNumber": "EO-2627",
            "Criterias": "[]"
        },
        {
            "Engines": "M 160.920",
            "HorsePowers": "50",
            "Volume": "70",
            "TypeName": "0.7 (450.330)",
            "ArticleNumber": "EA-26010",
            "Criterias": "[]"
        },
        {
            "Engines": "M 160.920",
            "HorsePowers": "61",
            "Volume": "70",
            "TypeName": "0.7 (450.352, 450.332)",
            "ArticleNumber": "EA-26010",
            "Criterias": "[]"
        },
        {
            "Engines": "M 160.920",
            "HorsePowers": "75",
            "Volume": "70",
            "TypeName": "0.7 (450.333)",
            "ArticleNumber": "EA-26010",
            "Criterias": "[]"
        },
        {
            "Engines": "M 160.920",
            "HorsePowers": "50",
            "Volume": "70",
            "TypeName": "0.7 (450.330)",
            "ArticleNumber": "FS-2102",
            "Criterias": "[]"
        },
        {
            "Engines": "M 160.920",
            "HorsePowers": "61",
            "Volume": "70",
            "TypeName": "0.7 (450.352, 450.332)",
            "ArticleNumber": "FS-2102",
            "Criterias": "[]"
        },
        {
            "Engines": "M 160.920",
            "HorsePowers": "75",
            "Volume": "70",
            "TypeName": "0.7 (450.333)",
            "ArticleNumber": "FS-2102",
            "Criterias": "[]"
        }
    ],
    "FORTWO Cabrio (450)": [
        {
            "Engines": "M 160.920",
            "HorsePowers": "61",
            "Volume": "70",
            "TypeName": "0.7 (450.452)",
            "ArticleNumber": "EO-2627",
            "Criterias": "[]"
        },
        {
            "Engines": "M 160.920",
            "HorsePowers": "75",
            "Volume": "70",
            "TypeName": "0.7 (450.433)",
            "ArticleNumber": "EO-2627",
            "Criterias": "[]"
        },
        {
            "Engines": "OM 660 DE 8LA,OM 660.940",
            "HorsePowers": "41",
            "Volume": "80",
            "TypeName": "0.8 CDI (450.401, 450.402, 450.403, 450.400)",
            "ArticleNumber": "EO-2627",
            "Criterias": "[]"
        },
        {
            "Engines": "M 160.920",
            "HorsePowers": "61",
            "Volume": "70",
            "TypeName": "0.7 (450.452)",
            "ArticleNumber": "EA-26010",
            "Criterias": "[]"
        },
        {
            "Engines": "M 160.920",
            "HorsePowers": "75",
            "Volume": "70",
            "TypeName": "0.7 (450.433)",
            "ArticleNumber": "EA-26010",
            "Criterias": "[]"
        },
        {
            "Engines": "M 160.920",
            "HorsePowers": "61",
            "Volume": "70",
            "TypeName": "0.7 (450.452)",
            "ArticleNumber": "FS-2102",
            "Criterias": "[]"
        },
        {
            "Engines": "M 160.920",
            "HorsePowers": "75",
            "Volume": "70",
            "TypeName": "0.7 (450.433)",
            "ArticleNumber": "FS-2102",
            "Criterias": "[]"
        }
    ],
    "FORTWO купе (451)": [
        {
            "Engines": "OM 660.950",
            "HorsePowers": "45",
            "Volume": "80",
            "TypeName": "0.8 CDi (451.300)",
            "ArticleNumber": "EO-2627",
            "Criterias": "[]"
        },
        {
            "Engines": "OM 660.951",
            "HorsePowers": "54",
            "Volume": "80",
            "TypeName": "0.8 CDi (451.301)",
            "ArticleNumber": "EO-2627",
            "Criterias": "[]"
        },
        {
            "Engines": "M 132.930",
            "HorsePowers": "84",
            "Volume": "100",
            "TypeName": "1.0 Turbo (451.332)",
            "ArticleNumber": "CAC-26030",
            "Criterias": "[]"
        },
        {
            "Engines": "M 132.910",
            "HorsePowers": "61",
            "Volume": "100",
            "TypeName": "1.0 (451.330, 451.334)",
            "ArticleNumber": "CAC-26030",
            "Criterias": "[]"
        },
        {
            "Engines": "M 132.910",
            "HorsePowers": "71",
            "Volume": "100",
            "TypeName": "1.0 (451.331, 451.380)",
            "ArticleNumber": "CAC-26030",
            "Criterias": "[]"
        },
        {
            "Engines": "OM 660.950",
            "HorsePowers": "45",
            "Volume": "80",
            "TypeName": "0.8 CDi (451.300)",
            "ArticleNumber": "CAC-26030",
            "Criterias": "[]"
        },
        {
            "Engines": "M 132.930",
            "HorsePowers": "98",
            "Volume": "100",
            "TypeName": "1.0 Brabus (451.333)",
            "ArticleNumber": "CAC-26030",
            "Criterias": "[]"
        },
        {
            "Engines": "OM 660.951",
            "HorsePowers": "54",
            "Volume": "80",
            "TypeName": "0.8 CDi (451.301)",
            "ArticleNumber": "CAC-26030",
            "Criterias": "[]"
        },
        {
            "Engines": "M 132.930",
            "HorsePowers": "102",
            "Volume": "100",
            "TypeName": "1.0 Turbo Brabus (451.333)",
            "ArticleNumber": "CAC-26030",
            "Criterias": "[]"
        },
        {
            "Engines": "M 132.930",
            "HorsePowers": "84",
            "Volume": "100",
            "TypeName": "1.0 Turbo (451.332)",
            "ArticleNumber": "A-26310",
            "Criterias": "[]"
        },
        {
            "Engines": "M 132.910",
            "HorsePowers": "61",
            "Volume": "100",
            "TypeName": "1.0 (451.330, 451.334)",
            "ArticleNumber": "A-26310",
            "Criterias": "[]"
        },
        {
            "Engines": "M 132.910",
            "HorsePowers": "71",
            "Volume": "100",
            "TypeName": "1.0 (451.331, 451.380)",
            "ArticleNumber": "A-26310",
            "Criterias": "[]"
        },
        {
            "Engines": "OM 660.950",
            "HorsePowers": "45",
            "Volume": "80",
            "TypeName": "0.8 CDi (451.300)",
            "ArticleNumber": "A-26310",
            "Criterias": "[]"
        },
        {
            "Engines": "M 132.930",
            "HorsePowers": "98",
            "Volume": "100",
            "TypeName": "1.0 Brabus (451.333)",
            "ArticleNumber": "A-26310",
            "Criterias": "[]"
        },
        {
            "Engines": "OM 660.951",
            "HorsePowers": "54",
            "Volume": "80",
            "TypeName": "0.8 CDi (451.301)",
            "ArticleNumber": "A-26310",
            "Criterias": "[]"
        },
        {
            "Engines": "M 132.930",
            "HorsePowers": "102",
            "Volume": "100",
            "TypeName": "1.0 Turbo Brabus (451.333)",
            "ArticleNumber": "A-26310",
            "Criterias": "[]"
        }
    ],
    "FORTWO Cabrio (451)": [
        {
            "Engines": "OM 660.950",
            "HorsePowers": "45",
            "Volume": "80",
            "TypeName": "0.8 CDi (451.400)",
            "ArticleNumber": "EO-2627",
            "Criterias": "[]"
        },
        {
            "Engines": "OM 660.951",
            "HorsePowers": "54",
            "Volume": "80",
            "TypeName": "0.8 CDi (451.401)",
            "ArticleNumber": "EO-2627",
            "Criterias": "[]"
        },
        {
            "Engines": "M 132.910",
            "HorsePowers": "71",
            "Volume": "100",
            "TypeName": "1.0 (451.431, 451.480)",
            "ArticleNumber": "CAC-26030",
            "Criterias": "[]"
        },
        {
            "Engines": "M 132.930",
            "HorsePowers": "84",
            "Volume": "100",
            "TypeName": "1.0 Turbo (451.432)",
            "ArticleNumber": "CAC-26030",
            "Criterias": "[]"
        },
        {
            "Engines": "OM 660.950",
            "HorsePowers": "45",
            "Volume": "80",
            "TypeName": "0.8 CDi (451.400)",
            "ArticleNumber": "CAC-26030",
            "Criterias": "[]"
        },
        {
            "Engines": "M 132.930",
            "HorsePowers": "98",
            "Volume": "100",
            "TypeName": "1.0 Brabus (451.433)",
            "ArticleNumber": "CAC-26030",
            "Criterias": "[]"
        },
        {
            "Engines": "OM 660.951",
            "HorsePowers": "54",
            "Volume": "80",
            "TypeName": "0.8 CDi (451.401)",
            "ArticleNumber": "CAC-26030",
            "Criterias": "[]"
        },
        {
            "Engines": "M 132.930",
            "HorsePowers": "102",
            "Volume": "100",
            "TypeName": "1.0 Turbo Brabus (451.433)",
            "ArticleNumber": "CAC-26030",
            "Criterias": "[]"
        },
        {
            "Engines": "M 132.930",
            "HorsePowers": "120",
            "Volume": "100",
            "TypeName": "1.0 Brabus",
            "ArticleNumber": "CAC-26030",
            "Criterias": "[]"
        },
        {
            "Engines": "M 132.910",
            "HorsePowers": "71",
            "Volume": "100",
            "TypeName": "1.0 (451.431, 451.480)",
            "ArticleNumber": "A-26310",
            "Criterias": "[]"
        },
        {
            "Engines": "M 132.930",
            "HorsePowers": "84",
            "Volume": "100",
            "TypeName": "1.0 Turbo (451.432)",
            "ArticleNumber": "A-26310",
            "Criterias": "[]"
        },
        {
            "Engines": "OM 660.950",
            "HorsePowers": "45",
            "Volume": "80",
            "TypeName": "0.8 CDi (451.400)",
            "ArticleNumber": "A-26310",
            "Criterias": "[]"
        },
        {
            "Engines": "M 132.930",
            "HorsePowers": "98",
            "Volume": "100",
            "TypeName": "1.0 Brabus (451.433)",
            "ArticleNumber": "A-26310",
            "Criterias": "[]"
        },
        {
            "Engines": "OM 660.951",
            "HorsePowers": "54",
            "Volume": "80",
            "TypeName": "0.8 CDi (451.401)",
            "ArticleNumber": "A-26310",
            "Criterias": "[]"
        },
        {
            "Engines": "M 132.930",
            "HorsePowers": "102",
            "Volume": "100",
            "TypeName": "1.0 Turbo Brabus (451.433)",
            "ArticleNumber": "A-26310",
            "Criterias": "[]"
        },
        {
            "Engines": "M 132.930",
            "HorsePowers": "120",
            "Volume": "100",
            "TypeName": "1.0 Brabus",
            "ArticleNumber": "A-26310",
            "Criterias": "[]"
        }
    ]
}