{
    "LAND CRUISER 200 (_J20_)": [
        {
            "Engines": "1GR-FE",
            "HorsePowers": "243",
            "Volume": "400",
            "TypeName": "4.0 Привод на все колеса (GRJ200)",
            "ArticleNumber": "CAB-1114",
            "Criterias": "[]"
        },
        {
            "Engines": "1GR-FE",
            "HorsePowers": "243",
            "Volume": "400",
            "TypeName": "4.0 Привод на все колеса (GRJ200)",
            "ArticleNumber": "CAC-1114",
            "Criterias": "[]"
        },
        {
            "Engines": "1GR-FE",
            "HorsePowers": "243",
            "Volume": "400",
            "TypeName": "4.0 Привод на все колеса (GRJ200)",
            "ArticleNumber": "EO-1102",
            "Criterias": "[{\"attrId\": 0, \"key\": \"Дата производства от\", \"value\": \"01.2012\"}]"
        },
        {
            "Engines": "1GR-FE",
            "HorsePowers": "243",
            "Volume": "400",
            "TypeName": "4.0 Привод на все колеса (GRJ200)",
            "ArticleNumber": "C-1141",
            "Criterias": "[{\"attrId\": 0, \"key\": \"Дата производства до\", \"value\": \"01.2012\"}]"
        },
        {
            "Engines": "1GR-FE",
            "HorsePowers": "243",
            "Volume": "400",
            "TypeName": "4.0 Привод на все колеса (GRJ200)",
            "ArticleNumber": "CA-1114",
            "Criterias": "[]"
        },
        {
            "Engines": "1GR-FE",
            "HorsePowers": "243",
            "Volume": "400",
            "TypeName": "4.0 Привод на все колеса (GRJ200)",
            "ArticleNumber": "5461-9841",
            "Criterias": "[]"
        },
        {
            "Engines": "1GR-FE",
            "HorsePowers": "243",
            "Volume": "400",
            "TypeName": "4.0 Привод на все колеса (GRJ200)",
            "ArticleNumber": "A-33940",
            "Criterias": "[{\"attrId\": 0, \"key\": \"Дата производства от\", \"value\": \"01.2012\"}]"
        },
        {
            "Engines": "1GR-FE",
            "HorsePowers": "243",
            "Volume": "400",
            "TypeName": "4.0 Привод на все колеса (GRJ200)",
            "ArticleNumber": "A-3304",
            "Criterias": "[{\"attrId\": 0, \"key\": \"Дата производства до\", \"value\": \"01.2012\"}]"
        }
    ]
}