{
    "HIGHLANDER (_U4_)": [
        {
            "Engines": "2GR-FE",
            "HorsePowers": "273",
            "Volume": "350",
            "TypeName": "3.5 4WD (GSU45)",
            "ArticleNumber": "3461-8515",
            "Criterias": "[]"
        },
        {
            "Engines": "1AR-FE",
            "HorsePowers": "190",
            "Volume": "270",
            "TypeName": "2.7 (ASU40)",
            "ArticleNumber": "3461-8527",
            "Criterias": "[]"
        }
    ]
}