{
    "GENTRA седан": [
        {
            "Engines": "B 15 D2",
            "HorsePowers": "107",
            "Volume": "150",
            "TypeName": "1.5",
            "ArticleNumber": "CA-65170",
            "Criterias": "[]"
        },
        {
            "Engines": "B 15 D2",
            "HorsePowers": "107",
            "Volume": "150",
            "TypeName": "1.5",
            "ArticleNumber": "CAC-65170",
            "Criterias": "[]"
        },
        {
            "Engines": "B 15 D2",
            "HorsePowers": "107",
            "Volume": "150",
            "TypeName": "1.5",
            "ArticleNumber": "C-65400",
            "Criterias": "[]"
        },
        {
            "Engines": "B 15 D2",
            "HorsePowers": "107",
            "Volume": "150",
            "TypeName": "1.5",
            "ArticleNumber": "FS-8901",
            "Criterias": "[]"
        },
        {
            "Engines": "B 15 D2",
            "HorsePowers": "107",
            "Volume": "150",
            "TypeName": "1.5",
            "ArticleNumber": "A-8903",
            "Criterias": "[]"
        }
    ],
    "MATIZ Хэтчбэк": [
        {
            "Engines": "B10S",
            "HorsePowers": "63",
            "Volume": "100",
            "TypeName": "1.0",
            "ArticleNumber": "CA-65250",
            "Criterias": "[{\"attrId\": 0, \"key\": \"Модельный год от\", \"value\": \"2005\"}]"
        },
        {
            "Engines": "F8CV",
            "HorsePowers": "52",
            "Volume": "80",
            "TypeName": "0.8",
            "ArticleNumber": "CA-65250",
            "Criterias": "[{\"attrId\": 0, \"key\": \"Модельный год от\", \"value\": \"2005\"}]"
        },
        {
            "Engines": "B10S",
            "HorsePowers": "63",
            "Volume": "100",
            "TypeName": "1.0",
            "ArticleNumber": "CAC-65250",
            "Criterias": "[{\"attrId\": 0, \"key\": \"Модельный год от\", \"value\": \"2005\"}]"
        },
        {
            "Engines": "F8CV",
            "HorsePowers": "52",
            "Volume": "80",
            "TypeName": "0.8",
            "ArticleNumber": "CAC-65250",
            "Criterias": "[{\"attrId\": 0, \"key\": \"Модельный год от\", \"value\": \"2005\"}]"
        },
        {
            "Engines": "B10S",
            "HorsePowers": "63",
            "Volume": "100",
            "TypeName": "1.0",
            "ArticleNumber": "C-1220",
            "Criterias": "[]"
        },
        {
            "Engines": "F8CV",
            "HorsePowers": "52",
            "Volume": "80",
            "TypeName": "0.8",
            "ArticleNumber": "C-1220",
            "Criterias": "[]"
        },
        {
            "Engines": "B10S",
            "HorsePowers": "63",
            "Volume": "100",
            "TypeName": "1.0",
            "ArticleNumber": "FS-8901",
            "Criterias": "[]"
        },
        {
            "Engines": "F8CV",
            "HorsePowers": "52",
            "Volume": "80",
            "TypeName": "0.8",
            "ArticleNumber": "FS-8901",
            "Criterias": "[]"
        },
        {
            "Engines": "B10S",
            "HorsePowers": "63",
            "Volume": "100",
            "TypeName": "1.0",
            "ArticleNumber": "A-2910",
            "Criterias": "[]"
        },
        {
            "Engines": "F8CV",
            "HorsePowers": "52",
            "Volume": "80",
            "TypeName": "0.8",
            "ArticleNumber": "A-2910",
            "Criterias": "[]"
        }
    ],
    "NEXIA седан": [
        {
            "Engines": "Y15L",
            "HorsePowers": "80",
            "Volume": "150",
            "TypeName": "1.5",
            "ArticleNumber": "C-1514",
            "Criterias": "[]"
        },
        {
            "Engines": "LXV",
            "HorsePowers": "109",
            "Volume": "160",
            "TypeName": "1.6",
            "ArticleNumber": "C-1514",
            "Criterias": "[]"
        },
        {
            "Engines": "Y15L",
            "HorsePowers": "80",
            "Volume": "150",
            "TypeName": "1.5",
            "ArticleNumber": "FS-2302",
            "Criterias": "[]"
        },
        {
            "Engines": "LXV",
            "HorsePowers": "109",
            "Volume": "160",
            "TypeName": "1.6",
            "ArticleNumber": "FS-2302",
            "Criterias": "[]"
        },
        {
            "Engines": "Y15L",
            "HorsePowers": "80",
            "Volume": "150",
            "TypeName": "1.5",
            "ArticleNumber": "A-2901",
            "Criterias": "[]"
        },
        {
            "Engines": "LXV",
            "HorsePowers": "109",
            "Volume": "160",
            "TypeName": "1.6",
            "ArticleNumber": "A-2901",
            "Criterias": "[]"
        }
    ]
}