{
    "CORDA": [
        {
            "Engines": "SQR477F",
            "HorsePowers": "109",
            "Volume": "150",
            "TypeName": "1.5",
            "ArticleNumber": "CA-38990",
            "Criterias": "[]"
        },
        {
            "Engines": "SQR477F",
            "HorsePowers": "109",
            "Volume": "150",
            "TypeName": "1.5",
            "ArticleNumber": "CAC-38990",
            "Criterias": "[]"
        },
        {
            "Engines": "SQR477F",
            "HorsePowers": "109",
            "Volume": "150",
            "TypeName": "1.5",
            "ArticleNumber": "C-38990",
            "Criterias": "[]"
        },
        {
            "Engines": "SQR477F",
            "HorsePowers": "109",
            "Volume": "150",
            "TypeName": "1.5",
            "ArticleNumber": "FS-38990",
            "Criterias": "[]"
        },
        {
            "Engines": "SQR477F",
            "HorsePowers": "109",
            "Volume": "150",
            "TypeName": "1.5",
            "ArticleNumber": "A-38990",
            "Criterias": "[]"
        }
    ],
    "ESTINA": [
        {
            "Engines": "SQR481F",
            "HorsePowers": "118",
            "Volume": "160",
            "TypeName": "1.6",
            "ArticleNumber": "CA-38080",
            "Criterias": "[]"
        },
        {
            "Engines": "SQR484F",
            "HorsePowers": "136",
            "Volume": "200",
            "TypeName": "2.0 VVT",
            "ArticleNumber": "CA-38080",
            "Criterias": "[]"
        },
        {
            "Engines": "SQR481F",
            "HorsePowers": "118",
            "Volume": "160",
            "TypeName": "1.6",
            "ArticleNumber": "C-1511",
            "Criterias": "[]"
        },
        {
            "Engines": "SQR484F",
            "HorsePowers": "136",
            "Volume": "200",
            "TypeName": "2.0 VVT",
            "ArticleNumber": "C-1511",
            "Criterias": "[]"
        },
        {
            "Engines": "SQR481F",
            "HorsePowers": "118",
            "Volume": "160",
            "TypeName": "1.6",
            "ArticleNumber": "FS-8903",
            "Criterias": "[]"
        },
        {
            "Engines": "SQR484F",
            "HorsePowers": "136",
            "Volume": "200",
            "TypeName": "2.0 VVT",
            "ArticleNumber": "FS-8903",
            "Criterias": "[]"
        },
        {
            "Engines": "SQR481F",
            "HorsePowers": "118",
            "Volume": "160",
            "TypeName": "1.6",
            "ArticleNumber": "A-38200",
            "Criterias": "[]"
        },
        {
            "Engines": "SQR484F",
            "HorsePowers": "136",
            "Volume": "200",
            "TypeName": "2.0 VVT",
            "ArticleNumber": "A-38200",
            "Criterias": "[]"
        }
    ],
    "TINGO": [
        {
            "Engines": "SQR481FC",
            "HorsePowers": "132",
            "Volume": "180",
            "TypeName": "1.8",
            "ArticleNumber": "C-1511",
            "Criterias": "[]"
        },
        {
            "Engines": "SQR481FC",
            "HorsePowers": "132",
            "Volume": "180",
            "TypeName": "1.8",
            "ArticleNumber": "A-38200",
            "Criterias": "[]"
        }
    ]
}